fecha,registros,insertado,actualizado,upserted_id,ruta_curvas_solares,ruta_calidad_meteorologia
2023-01-01,1440,False,True,,c:/Users/zacar/Desktop/Master IEBS DS & Big Data/TFM_IEBS/outputs/daily_plots/2023-01-01_solar_curves.png,c:/Users/zacar/Desktop/Master IEBS DS & Big Data/TFM_IEBS/outputs/daily_plots/2023-01-01_quality_weather.png
2023-01-02,1440,False,True,,c:/Users/zacar/Desktop/Master IEBS DS & Big Data/TFM_IEBS/outputs/daily_plots/2023-01-02_solar_curves.png,c:/Users/zacar/Desktop/Master IEBS DS & Big Data/TFM_IEBS/outputs/daily_plots/2023-01-02_quality_weather.png
2023-01-03,1440,False,True,,c:/Users/zacar/Desktop/Master IEBS DS & Big Data/TFM_IEBS/outputs/daily_plots/2023-01-03_solar_curves.png,c:/Users/zacar/Desktop/Master IEBS DS & Big Data/TFM_IEBS/outputs/daily_plots/2023-01-03_quality_weather.png
2023-01-04,1440,False,True,,c:/Users/zacar/Desktop/Master IEBS DS & Big Data/TFM_IEBS/outputs/daily_plots/2023-01-04_solar_curves.png,c:/Users/zacar/Desktop/Master IEBS DS & Big Data/TFM_IEBS/outputs/daily_plots/2023-01-04_quality_weather.png
2023-01-05,1440,False,True,,c:/Users/zacar/Desktop/Master IEBS DS & Big Data/TFM_IEBS/outputs/daily_plots/2023-01-05_solar_curves.png,c:/Users/zacar/Desktop/Master IEBS DS & Big Data/TFM_IEBS/outputs/daily_plots/2023-01-05_quality_weather.png
2023-01-06,1440,False,True,,c:/Users/zacar/Desktop/Master IEBS DS & Big Data/TFM_IEBS/outputs/daily_plots/2023-01-06_solar_curves.png,c:/Users/zacar/Desktop/Master IEBS DS & Big Data/TFM_IEBS/outputs/daily_plots/2023-01-06_quality_weather.png
2023-01-07,1440,False,True,,c:/Users/zacar/Desktop/Master IEBS DS & Big Data/TFM_IEBS/outputs/daily_plots/2023-01-07_solar_curves.png,c:/Users/zacar/Desktop/Master IEBS DS & Big Data/TFM_IEBS/outputs/daily_plots/2023-01-07_quality_weather.png
2023-01-08,1440,False,True,,c:/Users/zacar/Desktop/Master IEBS DS & Big Data/TFM_IEBS/outputs/daily_plots/2023-01-08_solar_curves.png,c:/Users/zacar/Desktop/Master IEBS DS & Big Data/TFM_IEBS/outputs/daily_plots/2023-01-08_quality_weather.png
2023-01-09,1440,False,True,,c:/Users/zacar/Desktop/Master IEBS DS & Big Data/TFM_IEBS/outputs/daily_plots/2023-01-09_solar_curves.png,c:/Users/zacar/Desktop/Master IEBS DS & Big Data/TFM_IEBS/outputs/daily_plots/2023-01-09_quality_weather.png
2023-01-10,1440,False,True,,c:/Users/zacar/Desktop/Master IEBS DS & Big Data/TFM_IEBS/outputs/daily_plots/2023-01-10_solar_curves.png,c:/Users/zacar/Desktop/Master IEBS DS & Big Data/TFM_IEBS/outputs/daily_plots/2023-01-10_quality_weather.png
2023-01-11,1440,False,True,,c:/Users/zacar/Desktop/Master IEBS DS & Big Data/TFM_IEBS/outputs/daily_plots/2023-01-11_solar_curves.png,c:/Users/zacar/Desktop/Master IEBS DS & Big Data/TFM_IEBS/outputs/daily_plots/2023-01-11_quality_weather.png
2023-01-12,1440,False,True,,c:/Users/zacar/Desktop/Master IEBS DS & Big Data/TFM_IEBS/outputs/daily_plots/2023-01-12_solar_curves.png,c:/Users/zacar/Desktop/Master IEBS DS & Big Data/TFM_IEBS/outputs/daily_plots/2023-01-12_quality_weather.png
2023-01-13,1440,False,True,,c:/Users/zacar/Desktop/Master IEBS DS & Big Data/TFM_IEBS/outputs/daily_plots/2023-01-13_solar_curves.png,c:/Users/zacar/Desktop/Master IEBS DS & Big Data/TFM_IEBS/outputs/daily_plots/2023-01-13_quality_weather.png
2023-01-14,1440,False,True,,c:/Users/zacar/Desktop/Master IEBS DS & Big Data/TFM_IEBS/outputs/daily_plots/2023-01-14_solar_curves.png,c:/Users/zacar/Desktop/Master IEBS DS & Big Data/TFM_IEBS/outputs/daily_plots/2023-01-14_quality_weather.png
2023-01-15,1440,False,True,,c:/Users/zacar/Desktop/Master IEBS DS & Big Data/TFM_IEBS/outputs/daily_plots/2023-01-15_solar_curves.png,c:/Users/zacar/Desktop/Master IEBS DS & Big Data/TFM_IEBS/outputs/daily_plots/2023-01-15_quality_weather.png
2023-01-16,1440,False,True,,c:/Users/zacar/Desktop/Master IEBS DS & Big Data/TFM_IEBS/outputs/daily_plots/2023-01-16_solar_curves.png,c:/Users/zacar/Desktop/Master IEBS DS & Big Data/TFM_IEBS/outputs/daily_plots/2023-01-16_quality_weather.png
2023-01-17,1440,False,True,,c:/Users/zacar/Desktop/Master IEBS DS & Big Data/TFM_IEBS/outputs/daily_plots/2023-01-17_solar_curves.png,c:/Users/zacar/Desktop/Master IEBS DS & Big Data/TFM_IEBS/outputs/daily_plots/2023-01-17_quality_weather.png
2023-01-18,1440,False,True,,c:/Users/zacar/Desktop/Master IEBS DS & Big Data/TFM_IEBS/outputs/daily_plots/2023-01-18_solar_curves.png,c:/Users/zacar/Desktop/Master IEBS DS & Big Data/TFM_IEBS/outputs/daily_plots/2023-01-18_quality_weather.png
2023-01-19,1440,False,True,,c:/Users/zacar/Desktop/Master IEBS DS & Big Data/TFM_IEBS/outputs/daily_plots/2023-01-19_solar_curves.png,c:/Users/zacar/Desktop/Master IEBS DS & Big Data/TFM_IEBS/outputs/daily_plots/2023-01-19_quality_weather.png
2023-01-20,1440,False,True,,c:/Users/zacar/Desktop/Master IEBS DS & Big Data/TFM_IEBS/outputs/daily_plots/2023-01-20_solar_curves.png,c:/Users/zacar/Desktop/Master IEBS DS & Big Data/TFM_IEBS/outputs/daily_plots/2023-01-20_quality_weather.png
2023-01-21,1440,False,True,,c:/Users/zacar/Desktop/Master IEBS DS & Big Data/TFM_IEBS/outputs/daily_plots/2023-01-21_solar_curves.png,c:/Users/zacar/Desktop/Master IEBS DS & Big Data/TFM_IEBS/outputs/daily_plots/2023-01-21_quality_weather.png
2023-01-22,1440,False,True,,c:/Users/zacar/Desktop/Master IEBS DS & Big Data/TFM_IEBS/outputs/daily_plots/2023-01-22_solar_curves.png,c:/Users/zacar/Desktop/Master IEBS DS & Big Data/TFM_IEBS/outputs/daily_plots/2023-01-22_quality_weather.png
2023-01-23,1440,False,True,,c:/Users/zacar/Desktop/Master IEBS DS & Big Data/TFM_IEBS/outputs/daily_plots/2023-01-23_solar_curves.png,c:/Users/zacar/Desktop/Master IEBS DS & Big Data/TFM_IEBS/outputs/daily_plots/2023-01-23_quality_weather.png
2023-01-24,1440,False,True,,c:/Users/zacar/Desktop/Master IEBS DS & Big Data/TFM_IEBS/outputs/daily_plots/2023-01-24_solar_curves.png,c:/Users/zacar/Desktop/Master IEBS DS & Big Data/TFM_IEBS/outputs/daily_plots/2023-01-24_quality_weather.png
2023-01-25,1440,False,True,,c:/Users/zacar/Desktop/Master IEBS DS & Big Data/TFM_IEBS/outputs/daily_plots/2023-01-25_solar_curves.png,c:/Users/zacar/Desktop/Master IEBS DS & Big Data/TFM_IEBS/outputs/daily_plots/2023-01-25_quality_weather.png
2023-01-26,1440,False,True,,c:/Users/zacar/Desktop/Master IEBS DS & Big Data/TFM_IEBS/outputs/daily_plots/2023-01-26_solar_curves.png,c:/Users/zacar/Desktop/Master IEBS DS & Big Data/TFM_IEBS/outputs/daily_plots/2023-01-26_quality_weather.png
2023-01-27,1440,False,True,,c:/Users/zacar/Desktop/Master IEBS DS & Big Data/TFM_IEBS/outputs/daily_plots/2023-01-27_solar_curves.png,c:/Users/zacar/Desktop/Master IEBS DS & Big Data/TFM_IEBS/outputs/daily_plots/2023-01-27_quality_weather.png
2023-01-28,1440,False,True,,c:/Users/zacar/Desktop/Master IEBS DS & Big Data/TFM_IEBS/outputs/daily_plots/2023-01-28_solar_curves.png,c:/Users/zacar/Desktop/Master IEBS DS & Big Data/TFM_IEBS/outputs/daily_plots/2023-01-28_quality_weather.png
2023-01-29,1440,False,True,,c:/Users/zacar/Desktop/Master IEBS DS & Big Data/TFM_IEBS/outputs/daily_plots/2023-01-29_solar_curves.png,c:/Users/zacar/Desktop/Master IEBS DS & Big Data/TFM_IEBS/outputs/daily_plots/2023-01-29_quality_weather.png
2023-01-30,1440,False,True,,c:/Users/zacar/Desktop/Master IEBS DS & Big Data/TFM_IEBS/outputs/daily_plots/2023-01-30_solar_curves.png,c:/Users/zacar/Desktop/Master IEBS DS & Big Data/TFM_IEBS/outputs/daily_plots/2023-01-30_quality_weather.png
2023-01-31,1440,False,True,,c:/Users/zacar/Desktop/Master IEBS DS & Big Data/TFM_IEBS/outputs/daily_plots/2023-01-31_solar_curves.png,c:/Users/zacar/Desktop/Master IEBS DS & Big Data/TFM_IEBS/outputs/daily_plots/2023-01-31_quality_weather.png
2023-02-01,1440,False,True,,c:/Users/zacar/Desktop/Master IEBS DS & Big Data/TFM_IEBS/outputs/daily_plots/2023-02-01_solar_curves.png,c:/Users/zacar/Desktop/Master IEBS DS & Big Data/TFM_IEBS/outputs/daily_plots/2023-02-01_quality_weather.png
2023-02-02,1440,False,True,,c:/Users/zacar/Desktop/Master IEBS DS & Big Data/TFM_IEBS/outputs/daily_plots/2023-02-02_solar_curves.png,c:/Users/zacar/Desktop/Master IEBS DS & Big Data/TFM_IEBS/outputs/daily_plots/2023-02-02_quality_weather.png
2023-02-03,1440,False,True,,c:/Users/zacar/Desktop/Master IEBS DS & Big Data/TFM_IEBS/outputs/daily_plots/2023-02-03_solar_curves.png,c:/Users/zacar/Desktop/Master IEBS DS & Big Data/TFM_IEBS/outputs/daily_plots/2023-02-03_quality_weather.png
2023-02-04,1440,False,True,,c:/Users/zacar/Desktop/Master IEBS DS & Big Data/TFM_IEBS/outputs/daily_plots/2023-02-04_solar_curves.png,c:/Users/zacar/Desktop/Master IEBS DS & Big Data/TFM_IEBS/outputs/daily_plots/2023-02-04_quality_weather.png
2023-02-05,1440,False,True,,c:/Users/zacar/Desktop/Master IEBS DS & Big Data/TFM_IEBS/outputs/daily_plots/2023-02-05_solar_curves.png,c:/Users/zacar/Desktop/Master IEBS DS & Big Data/TFM_IEBS/outputs/daily_plots/2023-02-05_quality_weather.png
2023-02-06,1440,False,True,,c:/Users/zacar/Desktop/Master IEBS DS & Big Data/TFM_IEBS/outputs/daily_plots/2023-02-06_solar_curves.png,c:/Users/zacar/Desktop/Master IEBS DS & Big Data/TFM_IEBS/outputs/daily_plots/2023-02-06_quality_weather.png
2023-02-07,1440,False,True,,c:/Users/zacar/Desktop/Master IEBS DS & Big Data/TFM_IEBS/outputs/daily_plots/2023-02-07_solar_curves.png,c:/Users/zacar/Desktop/Master IEBS DS & Big Data/TFM_IEBS/outputs/daily_plots/2023-02-07_quality_weather.png
2023-02-08,1440,False,True,,c:/Users/zacar/Desktop/Master IEBS DS & Big Data/TFM_IEBS/outputs/daily_plots/2023-02-08_solar_curves.png,c:/Users/zacar/Desktop/Master IEBS DS & Big Data/TFM_IEBS/outputs/daily_plots/2023-02-08_quality_weather.png
2023-02-09,1440,False,True,,c:/Users/zacar/Desktop/Master IEBS DS & Big Data/TFM_IEBS/outputs/daily_plots/2023-02-09_solar_curves.png,c:/Users/zacar/Desktop/Master IEBS DS & Big Data/TFM_IEBS/outputs/daily_plots/2023-02-09_quality_weather.png
2023-02-10,1440,False,True,,c:/Users/zacar/Desktop/Master IEBS DS & Big Data/TFM_IEBS/outputs/daily_plots/2023-02-10_solar_curves.png,c:/Users/zacar/Desktop/Master IEBS DS & Big Data/TFM_IEBS/outputs/daily_plots/2023-02-10_quality_weather.png
2023-02-11,1440,False,True,,c:/Users/zacar/Desktop/Master IEBS DS & Big Data/TFM_IEBS/outputs/daily_plots/2023-02-11_solar_curves.png,c:/Users/zacar/Desktop/Master IEBS DS & Big Data/TFM_IEBS/outputs/daily_plots/2023-02-11_quality_weather.png
2023-02-12,1440,False,True,,c:/Users/zacar/Desktop/Master IEBS DS & Big Data/TFM_IEBS/outputs/daily_plots/2023-02-12_solar_curves.png,c:/Users/zacar/Desktop/Master IEBS DS & Big Data/TFM_IEBS/outputs/daily_plots/2023-02-12_quality_weather.png
2023-02-13,1440,False,True,,c:/Users/zacar/Desktop/Master IEBS DS & Big Data/TFM_IEBS/outputs/daily_plots/2023-02-13_solar_curves.png,c:/Users/zacar/Desktop/Master IEBS DS & Big Data/TFM_IEBS/outputs/daily_plots/2023-02-13_quality_weather.png
2023-02-14,1440,False,True,,c:/Users/zacar/Desktop/Master IEBS DS & Big Data/TFM_IEBS/outputs/daily_plots/2023-02-14_solar_curves.png,c:/Users/zacar/Desktop/Master IEBS DS & Big Data/TFM_IEBS/outputs/daily_plots/2023-02-14_quality_weather.png
2023-02-15,1440,False,True,,c:/Users/zacar/Desktop/Master IEBS DS & Big Data/TFM_IEBS/outputs/daily_plots/2023-02-15_solar_curves.png,c:/Users/zacar/Desktop/Master IEBS DS & Big Data/TFM_IEBS/outputs/daily_plots/2023-02-15_quality_weather.png
2023-02-16,1440,False,True,,c:/Users/zacar/Desktop/Master IEBS DS & Big Data/TFM_IEBS/outputs/daily_plots/2023-02-16_solar_curves.png,c:/Users/zacar/Desktop/Master IEBS DS & Big Data/TFM_IEBS/outputs/daily_plots/2023-02-16_quality_weather.png
2023-02-17,1440,False,True,,c:/Users/zacar/Desktop/Master IEBS DS & Big Data/TFM_IEBS/outputs/daily_plots/2023-02-17_solar_curves.png,c:/Users/zacar/Desktop/Master IEBS DS & Big Data/TFM_IEBS/outputs/daily_plots/2023-02-17_quality_weather.png
2023-02-18,1440,False,True,,c:/Users/zacar/Desktop/Master IEBS DS & Big Data/TFM_IEBS/outputs/daily_plots/2023-02-18_solar_curves.png,c:/Users/zacar/Desktop/Master IEBS DS & Big Data/TFM_IEBS/outputs/daily_plots/2023-02-18_quality_weather.png
2023-02-19,1440,False,True,,c:/Users/zacar/Desktop/Master IEBS DS & Big Data/TFM_IEBS/outputs/daily_plots/2023-02-19_solar_curves.png,c:/Users/zacar/Desktop/Master IEBS DS & Big Data/TFM_IEBS/outputs/daily_plots/2023-02-19_quality_weather.png
2023-02-20,1440,False,True,,c:/Users/zacar/Desktop/Master IEBS DS & Big Data/TFM_IEBS/outputs/daily_plots/2023-02-20_solar_curves.png,c:/Users/zacar/Desktop/Master IEBS DS & Big Data/TFM_IEBS/outputs/daily_plots/2023-02-20_quality_weather.png
2023-02-21,1440,False,True,,c:/Users/zacar/Desktop/Master IEBS DS & Big Data/TFM_IEBS/outputs/daily_plots/2023-02-21_solar_curves.png,c:/Users/zacar/Desktop/Master IEBS DS & Big Data/TFM_IEBS/outputs/daily_plots/2023-02-21_quality_weather.png
2023-02-22,1440,False,True,,c:/Users/zacar/Desktop/Master IEBS DS & Big Data/TFM_IEBS/outputs/daily_plots/2023-02-22_solar_curves.png,c:/Users/zacar/Desktop/Master IEBS DS & Big Data/TFM_IEBS/outputs/daily_plots/2023-02-22_quality_weather.png
2023-02-23,1440,False,True,,c:/Users/zacar/Desktop/Master IEBS DS & Big Data/TFM_IEBS/outputs/daily_plots/2023-02-23_solar_curves.png,c:/Users/zacar/Desktop/Master IEBS DS & Big Data/TFM_IEBS/outputs/daily_plots/2023-02-23_quality_weather.png
2023-02-24,1440,False,True,,c:/Users/zacar/Desktop/Master IEBS DS & Big Data/TFM_IEBS/outputs/daily_plots/2023-02-24_solar_curves.png,c:/Users/zacar/Desktop/Master IEBS DS & Big Data/TFM_IEBS/outputs/daily_plots/2023-02-24_quality_weather.png
2023-02-25,1440,False,True,,c:/Users/zacar/Desktop/Master IEBS DS & Big Data/TFM_IEBS/outputs/daily_plots/2023-02-25_solar_curves.png,c:/Users/zacar/Desktop/Master IEBS DS & Big Data/TFM_IEBS/outputs/daily_plots/2023-02-25_quality_weather.png
2023-02-26,1440,False,True,,c:/Users/zacar/Desktop/Master IEBS DS & Big Data/TFM_IEBS/outputs/daily_plots/2023-02-26_solar_curves.png,c:/Users/zacar/Desktop/Master IEBS DS & Big Data/TFM_IEBS/outputs/daily_plots/2023-02-26_quality_weather.png
2023-02-27,1440,False,True,,c:/Users/zacar/Desktop/Master IEBS DS & Big Data/TFM_IEBS/outputs/daily_plots/2023-02-27_solar_curves.png,c:/Users/zacar/Desktop/Master IEBS DS & Big Data/TFM_IEBS/outputs/daily_plots/2023-02-27_quality_weather.png
2023-02-28,1440,False,True,,c:/Users/zacar/Desktop/Master IEBS DS & Big Data/TFM_IEBS/outputs/daily_plots/2023-02-28_solar_curves.png,c:/Users/zacar/Desktop/Master IEBS DS & Big Data/TFM_IEBS/outputs/daily_plots/2023-02-28_quality_weather.png
2023-03-01,1440,False,True,,c:/Users/zacar/Desktop/Master IEBS DS & Big Data/TFM_IEBS/outputs/daily_plots/2023-03-01_solar_curves.png,c:/Users/zacar/Desktop/Master IEBS DS & Big Data/TFM_IEBS/outputs/daily_plots/2023-03-01_quality_weather.png
2023-03-02,1440,False,True,,c:/Users/zacar/Desktop/Master IEBS DS & Big Data/TFM_IEBS/outputs/daily_plots/2023-03-02_solar_curves.png,c:/Users/zacar/Desktop/Master IEBS DS & Big Data/TFM_IEBS/outputs/daily_plots/2023-03-02_quality_weather.png
2023-03-03,1440,False,True,,c:/Users/zacar/Desktop/Master IEBS DS & Big Data/TFM_IEBS/outputs/daily_plots/2023-03-03_solar_curves.png,c:/Users/zacar/Desktop/Master IEBS DS & Big Data/TFM_IEBS/outputs/daily_plots/2023-03-03_quality_weather.png
2023-03-04,1440,False,True,,c:/Users/zacar/Desktop/Master IEBS DS & Big Data/TFM_IEBS/outputs/daily_plots/2023-03-04_solar_curves.png,c:/Users/zacar/Desktop/Master IEBS DS & Big Data/TFM_IEBS/outputs/daily_plots/2023-03-04_quality_weather.png
2023-03-05,1440,False,True,,c:/Users/zacar/Desktop/Master IEBS DS & Big Data/TFM_IEBS/outputs/daily_plots/2023-03-05_solar_curves.png,c:/Users/zacar/Desktop/Master IEBS DS & Big Data/TFM_IEBS/outputs/daily_plots/2023-03-05_quality_weather.png
2023-03-06,1440,False,True,,c:/Users/zacar/Desktop/Master IEBS DS & Big Data/TFM_IEBS/outputs/daily_plots/2023-03-06_solar_curves.png,c:/Users/zacar/Desktop/Master IEBS DS & Big Data/TFM_IEBS/outputs/daily_plots/2023-03-06_quality_weather.png
2023-03-07,1440,False,True,,c:/Users/zacar/Desktop/Master IEBS DS & Big Data/TFM_IEBS/outputs/daily_plots/2023-03-07_solar_curves.png,c:/Users/zacar/Desktop/Master IEBS DS & Big Data/TFM_IEBS/outputs/daily_plots/2023-03-07_quality_weather.png
2023-03-08,1440,False,True,,c:/Users/zacar/Desktop/Master IEBS DS & Big Data/TFM_IEBS/outputs/daily_plots/2023-03-08_solar_curves.png,c:/Users/zacar/Desktop/Master IEBS DS & Big Data/TFM_IEBS/outputs/daily_plots/2023-03-08_quality_weather.png
2023-03-09,1440,False,True,,c:/Users/zacar/Desktop/Master IEBS DS & Big Data/TFM_IEBS/outputs/daily_plots/2023-03-09_solar_curves.png,c:/Users/zacar/Desktop/Master IEBS DS & Big Data/TFM_IEBS/outputs/daily_plots/2023-03-09_quality_weather.png
2023-03-10,1440,False,True,,c:/Users/zacar/Desktop/Master IEBS DS & Big Data/TFM_IEBS/outputs/daily_plots/2023-03-10_solar_curves.png,c:/Users/zacar/Desktop/Master IEBS DS & Big Data/TFM_IEBS/outputs/daily_plots/2023-03-10_quality_weather.png
2023-03-11,1440,False,True,,c:/Users/zacar/Desktop/Master IEBS DS & Big Data/TFM_IEBS/outputs/daily_plots/2023-03-11_solar_curves.png,c:/Users/zacar/Desktop/Master IEBS DS & Big Data/TFM_IEBS/outputs/daily_plots/2023-03-11_quality_weather.png
2023-03-12,1440,True,False,6a698ca8b791d0daa5e1de64,c:/Users/zacar/Desktop/Master IEBS DS & Big Data/TFM_IEBS/outputs/daily_plots/2023-03-12_solar_curves.png,c:/Users/zacar/Desktop/Master IEBS DS & Big Data/TFM_IEBS/outputs/daily_plots/2023-03-12_quality_weather.png
2023-03-13,1440,True,False,6a698caab791d0daa5e1de65,c:/Users/zacar/Desktop/Master IEBS DS & Big Data/TFM_IEBS/outputs/daily_plots/2023-03-13_solar_curves.png,c:/Users/zacar/Desktop/Master IEBS DS & Big Data/TFM_IEBS/outputs/daily_plots/2023-03-13_quality_weather.png
2023-03-14,1440,False,True,,c:/Users/zacar/Desktop/Master IEBS DS & Big Data/TFM_IEBS/outputs/daily_plots/2023-03-14_solar_curves.png,c:/Users/zacar/Desktop/Master IEBS DS & Big Data/TFM_IEBS/outputs/daily_plots/2023-03-14_quality_weather.png
2023-03-15,1440,False,True,,c:/Users/zacar/Desktop/Master IEBS DS & Big Data/TFM_IEBS/outputs/daily_plots/2023-03-15_solar_curves.png,c:/Users/zacar/Desktop/Master IEBS DS & Big Data/TFM_IEBS/outputs/daily_plots/2023-03-15_quality_weather.png
2023-03-16,1440,False,True,,c:/Users/zacar/Desktop/Master IEBS DS & Big Data/TFM_IEBS/outputs/daily_plots/2023-03-16_solar_curves.png,c:/Users/zacar/Desktop/Master IEBS DS & Big Data/TFM_IEBS/outputs/daily_plots/2023-03-16_quality_weather.png
2023-03-17,1440,False,True,,c:/Users/zacar/Desktop/Master IEBS DS & Big Data/TFM_IEBS/outputs/daily_plots/2023-03-17_solar_curves.png,c:/Users/zacar/Desktop/Master IEBS DS & Big Data/TFM_IEBS/outputs/daily_plots/2023-03-17_quality_weather.png
2023-03-18,1440,False,True,,c:/Users/zacar/Desktop/Master IEBS DS & Big Data/TFM_IEBS/outputs/daily_plots/2023-03-18_solar_curves.png,c:/Users/zacar/Desktop/Master IEBS DS & Big Data/TFM_IEBS/outputs/daily_plots/2023-03-18_quality_weather.png
2023-03-19,1440,False,True,,c:/Users/zacar/Desktop/Master IEBS DS & Big Data/TFM_IEBS/outputs/daily_plots/2023-03-19_solar_curves.png,c:/Users/zacar/Desktop/Master IEBS DS & Big Data/TFM_IEBS/outputs/daily_plots/2023-03-19_quality_weather.png
2023-03-20,1440,False,True,,c:/Users/zacar/Desktop/Master IEBS DS & Big Data/TFM_IEBS/outputs/daily_plots/2023-03-20_solar_curves.png,c:/Users/zacar/Desktop/Master IEBS DS & Big Data/TFM_IEBS/outputs/daily_plots/2023-03-20_quality_weather.png
2023-03-21,1440,False,True,,c:/Users/zacar/Desktop/Master IEBS DS & Big Data/TFM_IEBS/outputs/daily_plots/2023-03-21_solar_curves.png,c:/Users/zacar/Desktop/Master IEBS DS & Big Data/TFM_IEBS/outputs/daily_plots/2023-03-21_quality_weather.png
2023-03-22,1440,False,True,,c:/Users/zacar/Desktop/Master IEBS DS & Big Data/TFM_IEBS/outputs/daily_plots/2023-03-22_solar_curves.png,c:/Users/zacar/Desktop/Master IEBS DS & Big Data/TFM_IEBS/outputs/daily_plots/2023-03-22_quality_weather.png
2023-03-23,1440,False,True,,c:/Users/zacar/Desktop/Master IEBS DS & Big Data/TFM_IEBS/outputs/daily_plots/2023-03-23_solar_curves.png,c:/Users/zacar/Desktop/Master IEBS DS & Big Data/TFM_IEBS/outputs/daily_plots/2023-03-23_quality_weather.png
2023-03-24,1440,False,True,,c:/Users/zacar/Desktop/Master IEBS DS & Big Data/TFM_IEBS/outputs/daily_plots/2023-03-24_solar_curves.png,c:/Users/zacar/Desktop/Master IEBS DS & Big Data/TFM_IEBS/outputs/daily_plots/2023-03-24_quality_weather.png
2023-03-25,1440,False,True,,c:/Users/zacar/Desktop/Master IEBS DS & Big Data/TFM_IEBS/outputs/daily_plots/2023-03-25_solar_curves.png,c:/Users/zacar/Desktop/Master IEBS DS & Big Data/TFM_IEBS/outputs/daily_plots/2023-03-25_quality_weather.png
2023-03-26,1440,False,True,,c:/Users/zacar/Desktop/Master IEBS DS & Big Data/TFM_IEBS/outputs/daily_plots/2023-03-26_solar_curves.png,c:/Users/zacar/Desktop/Master IEBS DS & Big Data/TFM_IEBS/outputs/daily_plots/2023-03-26_quality_weather.png
2023-03-27,1440,False,True,,c:/Users/zacar/Desktop/Master IEBS DS & Big Data/TFM_IEBS/outputs/daily_plots/2023-03-27_solar_curves.png,c:/Users/zacar/Desktop/Master IEBS DS & Big Data/TFM_IEBS/outputs/daily_plots/2023-03-27_quality_weather.png
2023-03-28,1440,False,True,,c:/Users/zacar/Desktop/Master IEBS DS & Big Data/TFM_IEBS/outputs/daily_plots/2023-03-28_solar_curves.png,c:/Users/zacar/Desktop/Master IEBS DS & Big Data/TFM_IEBS/outputs/daily_plots/2023-03-28_quality_weather.png
2023-03-29,1440,False,True,,c:/Users/zacar/Desktop/Master IEBS DS & Big Data/TFM_IEBS/outputs/daily_plots/2023-03-29_solar_curves.png,c:/Users/zacar/Desktop/Master IEBS DS & Big Data/TFM_IEBS/outputs/daily_plots/2023-03-29_quality_weather.png
2023-03-30,1440,False,True,,c:/Users/zacar/Desktop/Master IEBS DS & Big Data/TFM_IEBS/outputs/daily_plots/2023-03-30_solar_curves.png,c:/Users/zacar/Desktop/Master IEBS DS & Big Data/TFM_IEBS/outputs/daily_plots/2023-03-30_quality_weather.png
2023-03-31,1440,False,True,,c:/Users/zacar/Desktop/Master IEBS DS & Big Data/TFM_IEBS/outputs/daily_plots/2023-03-31_solar_curves.png,c:/Users/zacar/Desktop/Master IEBS DS & Big Data/TFM_IEBS/outputs/daily_plots/2023-03-31_quality_weather.png
2023-04-01,1440,False,True,,c:/Users/zacar/Desktop/Master IEBS DS & Big Data/TFM_IEBS/outputs/daily_plots/2023-04-01_solar_curves.png,c:/Users/zacar/Desktop/Master IEBS DS & Big Data/TFM_IEBS/outputs/daily_plots/2023-04-01_quality_weather.png
2023-04-02,1440,False,True,,c:/Users/zacar/Desktop/Master IEBS DS & Big Data/TFM_IEBS/outputs/daily_plots/2023-04-02_solar_curves.png,c:/Users/zacar/Desktop/Master IEBS DS & Big Data/TFM_IEBS/outputs/daily_plots/2023-04-02_quality_weather.png
2023-04-03,1440,False,True,,c:/Users/zacar/Desktop/Master IEBS DS & Big Data/TFM_IEBS/outputs/daily_plots/2023-04-03_solar_curves.png,c:/Users/zacar/Desktop/Master IEBS DS & Big Data/TFM_IEBS/outputs/daily_plots/2023-04-03_quality_weather.png
2023-04-04,1440,True,False,6a698cfab791d0daa5e1de67,c:/Users/zacar/Desktop/Master IEBS DS & Big Data/TFM_IEBS/outputs/daily_plots/2023-04-04_solar_curves.png,c:/Users/zacar/Desktop/Master IEBS DS & Big Data/TFM_IEBS/outputs/daily_plots/2023-04-04_quality_weather.png
2023-04-05,1440,True,False,6a698cfdb791d0daa5e1de68,c:/Users/zacar/Desktop/Master IEBS DS & Big Data/TFM_IEBS/outputs/daily_plots/2023-04-05_solar_curves.png,c:/Users/zacar/Desktop/Master IEBS DS & Big Data/TFM_IEBS/outputs/daily_plots/2023-04-05_quality_weather.png
2023-04-06,1440,True,False,6a698d01b791d0daa5e1de69,c:/Users/zacar/Desktop/Master IEBS DS & Big Data/TFM_IEBS/outputs/daily_plots/2023-04-06_solar_curves.png,c:/Users/zacar/Desktop/Master IEBS DS & Big Data/TFM_IEBS/outputs/daily_plots/2023-04-06_quality_weather.png
2023-04-07,1440,True,False,6a698d04b791d0daa5e1de6a,c:/Users/zacar/Desktop/Master IEBS DS & Big Data/TFM_IEBS/outputs/daily_plots/2023-04-07_solar_curves.png,c:/Users/zacar/Desktop/Master IEBS DS & Big Data/TFM_IEBS/outputs/daily_plots/2023-04-07_quality_weather.png
2023-04-08,1440,True,False,6a698d08b791d0daa5e1de6b,c:/Users/zacar/Desktop/Master IEBS DS & Big Data/TFM_IEBS/outputs/daily_plots/2023-04-08_solar_curves.png,c:/Users/zacar/Desktop/Master IEBS DS & Big Data/TFM_IEBS/outputs/daily_plots/2023-04-08_quality_weather.png
2023-04-09,1440,True,False,6a698d0bb791d0daa5e1de6c,c:/Users/zacar/Desktop/Master IEBS DS & Big Data/TFM_IEBS/outputs/daily_plots/2023-04-09_solar_curves.png,c:/Users/zacar/Desktop/Master IEBS DS & Big Data/TFM_IEBS/outputs/daily_plots/2023-04-09_quality_weather.png
2023-04-10,1440,False,True,,c:/Users/zacar/Desktop/Master IEBS DS & Big Data/TFM_IEBS/outputs/daily_plots/2023-04-10_solar_curves.png,c:/Users/zacar/Desktop/Master IEBS DS & Big Data/TFM_IEBS/outputs/daily_plots/2023-04-10_quality_weather.png
2023-04-11,1440,False,True,,c:/Users/zacar/Desktop/Master IEBS DS & Big Data/TFM_IEBS/outputs/daily_plots/2023-04-11_solar_curves.png,c:/Users/zacar/Desktop/Master IEBS DS & Big Data/TFM_IEBS/outputs/daily_plots/2023-04-11_quality_weather.png
2023-04-12,1440,False,True,,c:/Users/zacar/Desktop/Master IEBS DS & Big Data/TFM_IEBS/outputs/daily_plots/2023-04-12_solar_curves.png,c:/Users/zacar/Desktop/Master IEBS DS & Big Data/TFM_IEBS/outputs/daily_plots/2023-04-12_quality_weather.png
2023-04-13,1440,False,True,,c:/Users/zacar/Desktop/Master IEBS DS & Big Data/TFM_IEBS/outputs/daily_plots/2023-04-13_solar_curves.png,c:/Users/zacar/Desktop/Master IEBS DS & Big Data/TFM_IEBS/outputs/daily_plots/2023-04-13_quality_weather.png
2023-04-14,1440,False,True,,c:/Users/zacar/Desktop/Master IEBS DS & Big Data/TFM_IEBS/outputs/daily_plots/2023-04-14_solar_curves.png,c:/Users/zacar/Desktop/Master IEBS DS & Big Data/TFM_IEBS/outputs/daily_plots/2023-04-14_quality_weather.png
2023-04-15,1440,False,True,,c:/Users/zacar/Desktop/Master IEBS DS & Big Data/TFM_IEBS/outputs/daily_plots/2023-04-15_solar_curves.png,c:/Users/zacar/Desktop/Master IEBS DS & Big Data/TFM_IEBS/outputs/daily_plots/2023-04-15_quality_weather.png
2023-04-16,1440,False,True,,c:/Users/zacar/Desktop/Master IEBS DS & Big Data/TFM_IEBS/outputs/daily_plots/2023-04-16_solar_curves.png,c:/Users/zacar/Desktop/Master IEBS DS & Big Data/TFM_IEBS/outputs/daily_plots/2023-04-16_quality_weather.png
2023-04-17,1440,False,True,,c:/Users/zacar/Desktop/Master IEBS DS & Big Data/TFM_IEBS/outputs/daily_plots/2023-04-17_solar_curves.png,c:/Users/zacar/Desktop/Master IEBS DS & Big Data/TFM_IEBS/outputs/daily_plots/2023-04-17_quality_weather.png
2023-04-18,1440,False,True,,c:/Users/zacar/Desktop/Master IEBS DS & Big Data/TFM_IEBS/outputs/daily_plots/2023-04-18_solar_curves.png,c:/Users/zacar/Desktop/Master IEBS DS & Big Data/TFM_IEBS/outputs/daily_plots/2023-04-18_quality_weather.png
2023-04-19,1440,False,True,,c:/Users/zacar/Desktop/Master IEBS DS & Big Data/TFM_IEBS/outputs/daily_plots/2023-04-19_solar_curves.png,c:/Users/zacar/Desktop/Master IEBS DS & Big Data/TFM_IEBS/outputs/daily_plots/2023-04-19_quality_weather.png
2023-04-20,1440,False,True,,c:/Users/zacar/Desktop/Master IEBS DS & Big Data/TFM_IEBS/outputs/daily_plots/2023-04-20_solar_curves.png,c:/Users/zacar/Desktop/Master IEBS DS & Big Data/TFM_IEBS/outputs/daily_plots/2023-04-20_quality_weather.png
2023-04-21,1440,False,True,,c:/Users/zacar/Desktop/Master IEBS DS & Big Data/TFM_IEBS/outputs/daily_plots/2023-04-21_solar_curves.png,c:/Users/zacar/Desktop/Master IEBS DS & Big Data/TFM_IEBS/outputs/daily_plots/2023-04-21_quality_weather.png
2023-04-22,1440,False,True,,c:/Users/zacar/Desktop/Master IEBS DS & Big Data/TFM_IEBS/outputs/daily_plots/2023-04-22_solar_curves.png,c:/Users/zacar/Desktop/Master IEBS DS & Big Data/TFM_IEBS/outputs/daily_plots/2023-04-22_quality_weather.png
2023-04-23,1440,False,True,,c:/Users/zacar/Desktop/Master IEBS DS & Big Data/TFM_IEBS/outputs/daily_plots/2023-04-23_solar_curves.png,c:/Users/zacar/Desktop/Master IEBS DS & Big Data/TFM_IEBS/outputs/daily_plots/2023-04-23_quality_weather.png
2023-04-24,1440,False,True,,c:/Users/zacar/Desktop/Master IEBS DS & Big Data/TFM_IEBS/outputs/daily_plots/2023-04-24_solar_curves.png,c:/Users/zacar/Desktop/Master IEBS DS & Big Data/TFM_IEBS/outputs/daily_plots/2023-04-24_quality_weather.png
2023-04-25,1440,False,True,,c:/Users/zacar/Desktop/Master IEBS DS & Big Data/TFM_IEBS/outputs/daily_plots/2023-04-25_solar_curves.png,c:/Users/zacar/Desktop/Master IEBS DS & Big Data/TFM_IEBS/outputs/daily_plots/2023-04-25_quality_weather.png
2023-04-26,1440,False,True,,c:/Users/zacar/Desktop/Master IEBS DS & Big Data/TFM_IEBS/outputs/daily_plots/2023-04-26_solar_curves.png,c:/Users/zacar/Desktop/Master IEBS DS & Big Data/TFM_IEBS/outputs/daily_plots/2023-04-26_quality_weather.png
2023-04-27,1440,False,True,,c:/Users/zacar/Desktop/Master IEBS DS & Big Data/TFM_IEBS/outputs/daily_plots/2023-04-27_solar_curves.png,c:/Users/zacar/Desktop/Master IEBS DS & Big Data/TFM_IEBS/outputs/daily_plots/2023-04-27_quality_weather.png
2023-04-28,1440,False,True,,c:/Users/zacar/Desktop/Master IEBS DS & Big Data/TFM_IEBS/outputs/daily_plots/2023-04-28_solar_curves.png,c:/Users/zacar/Desktop/Master IEBS DS & Big Data/TFM_IEBS/outputs/daily_plots/2023-04-28_quality_weather.png
2023-04-29,1440,False,True,,c:/Users/zacar/Desktop/Master IEBS DS & Big Data/TFM_IEBS/outputs/daily_plots/2023-04-29_solar_curves.png,c:/Users/zacar/Desktop/Master IEBS DS & Big Data/TFM_IEBS/outputs/daily_plots/2023-04-29_quality_weather.png
2023-04-30,1440,False,True,,c:/Users/zacar/Desktop/Master IEBS DS & Big Data/TFM_IEBS/outputs/daily_plots/2023-04-30_solar_curves.png,c:/Users/zacar/Desktop/Master IEBS DS & Big Data/TFM_IEBS/outputs/daily_plots/2023-04-30_quality_weather.png
2023-05-01,1440,False,True,,c:/Users/zacar/Desktop/Master IEBS DS & Big Data/TFM_IEBS/outputs/daily_plots/2023-05-01_solar_curves.png,c:/Users/zacar/Desktop/Master IEBS DS & Big Data/TFM_IEBS/outputs/daily_plots/2023-05-01_quality_weather.png
2023-05-02,1440,False,True,,c:/Users/zacar/Desktop/Master IEBS DS & Big Data/TFM_IEBS/outputs/daily_plots/2023-05-02_solar_curves.png,c:/Users/zacar/Desktop/Master IEBS DS & Big Data/TFM_IEBS/outputs/daily_plots/2023-05-02_quality_weather.png
2023-05-03,1440,False,True,,c:/Users/zacar/Desktop/Master IEBS DS & Big Data/TFM_IEBS/outputs/daily_plots/2023-05-03_solar_curves.png,c:/Users/zacar/Desktop/Master IEBS DS & Big Data/TFM_IEBS/outputs/daily_plots/2023-05-03_quality_weather.png
2023-05-04,1440,False,True,,c:/Users/zacar/Desktop/Master IEBS DS & Big Data/TFM_IEBS/outputs/daily_plots/2023-05-04_solar_curves.png,c:/Users/zacar/Desktop/Master IEBS DS & Big Data/TFM_IEBS/outputs/daily_plots/2023-05-04_quality_weather.png
2023-05-05,1440,False,True,,c:/Users/zacar/Desktop/Master IEBS DS & Big Data/TFM_IEBS/outputs/daily_plots/2023-05-05_solar_curves.png,c:/Users/zacar/Desktop/Master IEBS DS & Big Data/TFM_IEBS/outputs/daily_plots/2023-05-05_quality_weather.png
2023-05-06,1440,False,True,,c:/Users/zacar/Desktop/Master IEBS DS & Big Data/TFM_IEBS/outputs/daily_plots/2023-05-06_solar_curves.png,c:/Users/zacar/Desktop/Master IEBS DS & Big Data/TFM_IEBS/outputs/daily_plots/2023-05-06_quality_weather.png
2023-05-07,1440,False,True,,c:/Users/zacar/Desktop/Master IEBS DS & Big Data/TFM_IEBS/outputs/daily_plots/2023-05-07_solar_curves.png,c:/Users/zacar/Desktop/Master IEBS DS & Big Data/TFM_IEBS/outputs/daily_plots/2023-05-07_quality_weather.png
2023-05-08,1440,False,True,,c:/Users/zacar/Desktop/Master IEBS DS & Big Data/TFM_IEBS/outputs/daily_plots/2023-05-08_solar_curves.png,c:/Users/zacar/Desktop/Master IEBS DS & Big Data/TFM_IEBS/outputs/daily_plots/2023-05-08_quality_weather.png
2023-05-09,1440,False,True,,c:/Users/zacar/Desktop/Master IEBS DS & Big Data/TFM_IEBS/outputs/daily_plots/2023-05-09_solar_curves.png,c:/Users/zacar/Desktop/Master IEBS DS & Big Data/TFM_IEBS/outputs/daily_plots/2023-05-09_quality_weather.png
2023-05-10,1440,False,True,,c:/Users/zacar/Desktop/Master IEBS DS & Big Data/TFM_IEBS/outputs/daily_plots/2023-05-10_solar_curves.png,c:/Users/zacar/Desktop/Master IEBS DS & Big Data/TFM_IEBS/outputs/daily_plots/2023-05-10_quality_weather.png
2023-05-11,1440,False,True,,c:/Users/zacar/Desktop/Master IEBS DS & Big Data/TFM_IEBS/outputs/daily_plots/2023-05-11_solar_curves.png,c:/Users/zacar/Desktop/Master IEBS DS & Big Data/TFM_IEBS/outputs/daily_plots/2023-05-11_quality_weather.png
2023-05-12,1440,False,True,,c:/Users/zacar/Desktop/Master IEBS DS & Big Data/TFM_IEBS/outputs/daily_plots/2023-05-12_solar_curves.png,c:/Users/zacar/Desktop/Master IEBS DS & Big Data/TFM_IEBS/outputs/daily_plots/2023-05-12_quality_weather.png
2023-05-13,1440,False,True,,c:/Users/zacar/Desktop/Master IEBS DS & Big Data/TFM_IEBS/outputs/daily_plots/2023-05-13_solar_curves.png,c:/Users/zacar/Desktop/Master IEBS DS & Big Data/TFM_IEBS/outputs/daily_plots/2023-05-13_quality_weather.png
2023-05-14,1440,False,True,,c:/Users/zacar/Desktop/Master IEBS DS & Big Data/TFM_IEBS/outputs/daily_plots/2023-05-14_solar_curves.png,c:/Users/zacar/Desktop/Master IEBS DS & Big Data/TFM_IEBS/outputs/daily_plots/2023-05-14_quality_weather.png
2023-05-15,1440,False,True,,c:/Users/zacar/Desktop/Master IEBS DS & Big Data/TFM_IEBS/outputs/daily_plots/2023-05-15_solar_curves.png,c:/Users/zacar/Desktop/Master IEBS DS & Big Data/TFM_IEBS/outputs/daily_plots/2023-05-15_quality_weather.png
2023-05-16,1440,False,True,,c:/Users/zacar/Desktop/Master IEBS DS & Big Data/TFM_IEBS/outputs/daily_plots/2023-05-16_solar_curves.png,c:/Users/zacar/Desktop/Master IEBS DS & Big Data/TFM_IEBS/outputs/daily_plots/2023-05-16_quality_weather.png
2023-05-17,1440,False,True,,c:/Users/zacar/Desktop/Master IEBS DS & Big Data/TFM_IEBS/outputs/daily_plots/2023-05-17_solar_curves.png,c:/Users/zacar/Desktop/Master IEBS DS & Big Data/TFM_IEBS/outputs/daily_plots/2023-05-17_quality_weather.png
2023-05-18,1440,False,True,,c:/Users/zacar/Desktop/Master IEBS DS & Big Data/TFM_IEBS/outputs/daily_plots/2023-05-18_solar_curves.png,c:/Users/zacar/Desktop/Master IEBS DS & Big Data/TFM_IEBS/outputs/daily_plots/2023-05-18_quality_weather.png
2023-05-19,1440,False,True,,c:/Users/zacar/Desktop/Master IEBS DS & Big Data/TFM_IEBS/outputs/daily_plots/2023-05-19_solar_curves.png,c:/Users/zacar/Desktop/Master IEBS DS & Big Data/TFM_IEBS/outputs/daily_plots/2023-05-19_quality_weather.png
2023-05-20,1440,False,True,,c:/Users/zacar/Desktop/Master IEBS DS & Big Data/TFM_IEBS/outputs/daily_plots/2023-05-20_solar_curves.png,c:/Users/zacar/Desktop/Master IEBS DS & Big Data/TFM_IEBS/outputs/daily_plots/2023-05-20_quality_weather.png
2023-05-21,1440,False,True,,c:/Users/zacar/Desktop/Master IEBS DS & Big Data/TFM_IEBS/outputs/daily_plots/2023-05-21_solar_curves.png,c:/Users/zacar/Desktop/Master IEBS DS & Big Data/TFM_IEBS/outputs/daily_plots/2023-05-21_quality_weather.png
2023-05-22,1440,False,True,,c:/Users/zacar/Desktop/Master IEBS DS & Big Data/TFM_IEBS/outputs/daily_plots/2023-05-22_solar_curves.png,c:/Users/zacar/Desktop/Master IEBS DS & Big Data/TFM_IEBS/outputs/daily_plots/2023-05-22_quality_weather.png
2023-05-23,1440,False,True,,c:/Users/zacar/Desktop/Master IEBS DS & Big Data/TFM_IEBS/outputs/daily_plots/2023-05-23_solar_curves.png,c:/Users/zacar/Desktop/Master IEBS DS & Big Data/TFM_IEBS/outputs/daily_plots/2023-05-23_quality_weather.png
2023-05-24,1440,False,True,,c:/Users/zacar/Desktop/Master IEBS DS & Big Data/TFM_IEBS/outputs/daily_plots/2023-05-24_solar_curves.png,c:/Users/zacar/Desktop/Master IEBS DS & Big Data/TFM_IEBS/outputs/daily_plots/2023-05-24_quality_weather.png
2023-05-25,1440,False,True,,c:/Users/zacar/Desktop/Master IEBS DS & Big Data/TFM_IEBS/outputs/daily_plots/2023-05-25_solar_curves.png,c:/Users/zacar/Desktop/Master IEBS DS & Big Data/TFM_IEBS/outputs/daily_plots/2023-05-25_quality_weather.png
2023-05-26,1440,False,True,,c:/Users/zacar/Desktop/Master IEBS DS & Big Data/TFM_IEBS/outputs/daily_plots/2023-05-26_solar_curves.png,c:/Users/zacar/Desktop/Master IEBS DS & Big Data/TFM_IEBS/outputs/daily_plots/2023-05-26_quality_weather.png
2023-05-27,1440,False,True,,c:/Users/zacar/Desktop/Master IEBS DS & Big Data/TFM_IEBS/outputs/daily_plots/2023-05-27_solar_curves.png,c:/Users/zacar/Desktop/Master IEBS DS & Big Data/TFM_IEBS/outputs/daily_plots/2023-05-27_quality_weather.png
2023-05-28,1440,False,True,,c:/Users/zacar/Desktop/Master IEBS DS & Big Data/TFM_IEBS/outputs/daily_plots/2023-05-28_solar_curves.png,c:/Users/zacar/Desktop/Master IEBS DS & Big Data/TFM_IEBS/outputs/daily_plots/2023-05-28_quality_weather.png
2023-05-29,1440,False,True,,c:/Users/zacar/Desktop/Master IEBS DS & Big Data/TFM_IEBS/outputs/daily_plots/2023-05-29_solar_curves.png,c:/Users/zacar/Desktop/Master IEBS DS & Big Data/TFM_IEBS/outputs/daily_plots/2023-05-29_quality_weather.png
2023-05-30,1440,False,True,,c:/Users/zacar/Desktop/Master IEBS DS & Big Data/TFM_IEBS/outputs/daily_plots/2023-05-30_solar_curves.png,c:/Users/zacar/Desktop/Master IEBS DS & Big Data/TFM_IEBS/outputs/daily_plots/2023-05-30_quality_weather.png
2023-05-31,1440,False,True,,c:/Users/zacar/Desktop/Master IEBS DS & Big Data/TFM_IEBS/outputs/daily_plots/2023-05-31_solar_curves.png,c:/Users/zacar/Desktop/Master IEBS DS & Big Data/TFM_IEBS/outputs/daily_plots/2023-05-31_quality_weather.png
2023-06-01,1440,False,True,,c:/Users/zacar/Desktop/Master IEBS DS & Big Data/TFM_IEBS/outputs/daily_plots/2023-06-01_solar_curves.png,c:/Users/zacar/Desktop/Master IEBS DS & Big Data/TFM_IEBS/outputs/daily_plots/2023-06-01_quality_weather.png
2023-06-02,1440,False,True,,c:/Users/zacar/Desktop/Master IEBS DS & Big Data/TFM_IEBS/outputs/daily_plots/2023-06-02_solar_curves.png,c:/Users/zacar/Desktop/Master IEBS DS & Big Data/TFM_IEBS/outputs/daily_plots/2023-06-02_quality_weather.png
2023-06-03,1440,False,True,,c:/Users/zacar/Desktop/Master IEBS DS & Big Data/TFM_IEBS/outputs/daily_plots/2023-06-03_solar_curves.png,c:/Users/zacar/Desktop/Master IEBS DS & Big Data/TFM_IEBS/outputs/daily_plots/2023-06-03_quality_weather.png
2023-06-04,1440,False,True,,c:/Users/zacar/Desktop/Master IEBS DS & Big Data/TFM_IEBS/outputs/daily_plots/2023-06-04_solar_curves.png,c:/Users/zacar/Desktop/Master IEBS DS & Big Data/TFM_IEBS/outputs/daily_plots/2023-06-04_quality_weather.png
2023-06-05,1440,False,True,,c:/Users/zacar/Desktop/Master IEBS DS & Big Data/TFM_IEBS/outputs/daily_plots/2023-06-05_solar_curves.png,c:/Users/zacar/Desktop/Master IEBS DS & Big Data/TFM_IEBS/outputs/daily_plots/2023-06-05_quality_weather.png
2023-06-06,1440,False,True,,c:/Users/zacar/Desktop/Master IEBS DS & Big Data/TFM_IEBS/outputs/daily_plots/2023-06-06_solar_curves.png,c:/Users/zacar/Desktop/Master IEBS DS & Big Data/TFM_IEBS/outputs/daily_plots/2023-06-06_quality_weather.png
2023-06-07,1440,False,True,,c:/Users/zacar/Desktop/Master IEBS DS & Big Data/TFM_IEBS/outputs/daily_plots/2023-06-07_solar_curves.png,c:/Users/zacar/Desktop/Master IEBS DS & Big Data/TFM_IEBS/outputs/daily_plots/2023-06-07_quality_weather.png
2023-06-08,1440,False,True,,c:/Users/zacar/Desktop/Master IEBS DS & Big Data/TFM_IEBS/outputs/daily_plots/2023-06-08_solar_curves.png,c:/Users/zacar/Desktop/Master IEBS DS & Big Data/TFM_IEBS/outputs/daily_plots/2023-06-08_quality_weather.png
2023-06-09,1440,False,True,,c:/Users/zacar/Desktop/Master IEBS DS & Big Data/TFM_IEBS/outputs/daily_plots/2023-06-09_solar_curves.png,c:/Users/zacar/Desktop/Master IEBS DS & Big Data/TFM_IEBS/outputs/daily_plots/2023-06-09_quality_weather.png
2023-06-10,1440,False,True,,c:/Users/zacar/Desktop/Master IEBS DS & Big Data/TFM_IEBS/outputs/daily_plots/2023-06-10_solar_curves.png,c:/Users/zacar/Desktop/Master IEBS DS & Big Data/TFM_IEBS/outputs/daily_plots/2023-06-10_quality_weather.png
2023-06-11,1440,False,True,,c:/Users/zacar/Desktop/Master IEBS DS & Big Data/TFM_IEBS/outputs/daily_plots/2023-06-11_solar_curves.png,c:/Users/zacar/Desktop/Master IEBS DS & Big Data/TFM_IEBS/outputs/daily_plots/2023-06-11_quality_weather.png
2023-06-12,1440,False,True,,c:/Users/zacar/Desktop/Master IEBS DS & Big Data/TFM_IEBS/outputs/daily_plots/2023-06-12_solar_curves.png,c:/Users/zacar/Desktop/Master IEBS DS & Big Data/TFM_IEBS/outputs/daily_plots/2023-06-12_quality_weather.png
2023-06-13,1440,False,True,,c:/Users/zacar/Desktop/Master IEBS DS & Big Data/TFM_IEBS/outputs/daily_plots/2023-06-13_solar_curves.png,c:/Users/zacar/Desktop/Master IEBS DS & Big Data/TFM_IEBS/outputs/daily_plots/2023-06-13_quality_weather.png
2023-06-14,1440,False,True,,c:/Users/zacar/Desktop/Master IEBS DS & Big Data/TFM_IEBS/outputs/daily_plots/2023-06-14_solar_curves.png,c:/Users/zacar/Desktop/Master IEBS DS & Big Data/TFM_IEBS/outputs/daily_plots/2023-06-14_quality_weather.png
2023-06-15,1440,False,True,,c:/Users/zacar/Desktop/Master IEBS DS & Big Data/TFM_IEBS/outputs/daily_plots/2023-06-15_solar_curves.png,c:/Users/zacar/Desktop/Master IEBS DS & Big Data/TFM_IEBS/outputs/daily_plots/2023-06-15_quality_weather.png
2023-06-16,1440,False,True,,c:/Users/zacar/Desktop/Master IEBS DS & Big Data/TFM_IEBS/outputs/daily_plots/2023-06-16_solar_curves.png,c:/Users/zacar/Desktop/Master IEBS DS & Big Data/TFM_IEBS/outputs/daily_plots/2023-06-16_quality_weather.png
2023-06-17,1440,False,True,,c:/Users/zacar/Desktop/Master IEBS DS & Big Data/TFM_IEBS/outputs/daily_plots/2023-06-17_solar_curves.png,c:/Users/zacar/Desktop/Master IEBS DS & Big Data/TFM_IEBS/outputs/daily_plots/2023-06-17_quality_weather.png
2023-06-18,1440,False,True,,c:/Users/zacar/Desktop/Master IEBS DS & Big Data/TFM_IEBS/outputs/daily_plots/2023-06-18_solar_curves.png,c:/Users/zacar/Desktop/Master IEBS DS & Big Data/TFM_IEBS/outputs/daily_plots/2023-06-18_quality_weather.png
2023-06-19,1440,False,True,,c:/Users/zacar/Desktop/Master IEBS DS & Big Data/TFM_IEBS/outputs/daily_plots/2023-06-19_solar_curves.png,c:/Users/zacar/Desktop/Master IEBS DS & Big Data/TFM_IEBS/outputs/daily_plots/2023-06-19_quality_weather.png
2023-06-20,1440,False,True,,c:/Users/zacar/Desktop/Master IEBS DS & Big Data/TFM_IEBS/outputs/daily_plots/2023-06-20_solar_curves.png,c:/Users/zacar/Desktop/Master IEBS DS & Big Data/TFM_IEBS/outputs/daily_plots/2023-06-20_quality_weather.png
2023-06-21,1440,False,True,,c:/Users/zacar/Desktop/Master IEBS DS & Big Data/TFM_IEBS/outputs/daily_plots/2023-06-21_solar_curves.png,c:/Users/zacar/Desktop/Master IEBS DS & Big Data/TFM_IEBS/outputs/daily_plots/2023-06-21_quality_weather.png
2023-06-22,1440,False,True,,c:/Users/zacar/Desktop/Master IEBS DS & Big Data/TFM_IEBS/outputs/daily_plots/2023-06-22_solar_curves.png,c:/Users/zacar/Desktop/Master IEBS DS & Big Data/TFM_IEBS/outputs/daily_plots/2023-06-22_quality_weather.png
2023-06-23,1440,False,True,,c:/Users/zacar/Desktop/Master IEBS DS & Big Data/TFM_IEBS/outputs/daily_plots/2023-06-23_solar_curves.png,c:/Users/zacar/Desktop/Master IEBS DS & Big Data/TFM_IEBS/outputs/daily_plots/2023-06-23_quality_weather.png
2023-06-24,1440,False,True,,c:/Users/zacar/Desktop/Master IEBS DS & Big Data/TFM_IEBS/outputs/daily_plots/2023-06-24_solar_curves.png,c:/Users/zacar/Desktop/Master IEBS DS & Big Data/TFM_IEBS/outputs/daily_plots/2023-06-24_quality_weather.png
2023-06-25,1440,False,True,,c:/Users/zacar/Desktop/Master IEBS DS & Big Data/TFM_IEBS/outputs/daily_plots/2023-06-25_solar_curves.png,c:/Users/zacar/Desktop/Master IEBS DS & Big Data/TFM_IEBS/outputs/daily_plots/2023-06-25_quality_weather.png
2023-06-26,1440,False,True,,c:/Users/zacar/Desktop/Master IEBS DS & Big Data/TFM_IEBS/outputs/daily_plots/2023-06-26_solar_curves.png,c:/Users/zacar/Desktop/Master IEBS DS & Big Data/TFM_IEBS/outputs/daily_plots/2023-06-26_quality_weather.png
2023-06-27,1440,False,True,,c:/Users/zacar/Desktop/Master IEBS DS & Big Data/TFM_IEBS/outputs/daily_plots/2023-06-27_solar_curves.png,c:/Users/zacar/Desktop/Master IEBS DS & Big Data/TFM_IEBS/outputs/daily_plots/2023-06-27_quality_weather.png
2023-06-28,1440,False,True,,c:/Users/zacar/Desktop/Master IEBS DS & Big Data/TFM_IEBS/outputs/daily_plots/2023-06-28_solar_curves.png,c:/Users/zacar/Desktop/Master IEBS DS & Big Data/TFM_IEBS/outputs/daily_plots/2023-06-28_quality_weather.png
2023-06-29,1440,False,True,,c:/Users/zacar/Desktop/Master IEBS DS & Big Data/TFM_IEBS/outputs/daily_plots/2023-06-29_solar_curves.png,c:/Users/zacar/Desktop/Master IEBS DS & Big Data/TFM_IEBS/outputs/daily_plots/2023-06-29_quality_weather.png
2023-06-30,1440,False,True,,c:/Users/zacar/Desktop/Master IEBS DS & Big Data/TFM_IEBS/outputs/daily_plots/2023-06-30_solar_curves.png,c:/Users/zacar/Desktop/Master IEBS DS & Big Data/TFM_IEBS/outputs/daily_plots/2023-06-30_quality_weather.png
2023-07-01,1440,False,True,,c:/Users/zacar/Desktop/Master IEBS DS & Big Data/TFM_IEBS/outputs/daily_plots/2023-07-01_solar_curves.png,c:/Users/zacar/Desktop/Master IEBS DS & Big Data/TFM_IEBS/outputs/daily_plots/2023-07-01_quality_weather.png
2023-07-02,1440,False,True,,c:/Users/zacar/Desktop/Master IEBS DS & Big Data/TFM_IEBS/outputs/daily_plots/2023-07-02_solar_curves.png,c:/Users/zacar/Desktop/Master IEBS DS & Big Data/TFM_IEBS/outputs/daily_plots/2023-07-02_quality_weather.png
2023-07-03,1440,False,True,,c:/Users/zacar/Desktop/Master IEBS DS & Big Data/TFM_IEBS/outputs/daily_plots/2023-07-03_solar_curves.png,c:/Users/zacar/Desktop/Master IEBS DS & Big Data/TFM_IEBS/outputs/daily_plots/2023-07-03_quality_weather.png
2023-07-04,1440,False,True,,c:/Users/zacar/Desktop/Master IEBS DS & Big Data/TFM_IEBS/outputs/daily_plots/2023-07-04_solar_curves.png,c:/Users/zacar/Desktop/Master IEBS DS & Big Data/TFM_IEBS/outputs/daily_plots/2023-07-04_quality_weather.png
2023-07-05,1440,False,True,,c:/Users/zacar/Desktop/Master IEBS DS & Big Data/TFM_IEBS/outputs/daily_plots/2023-07-05_solar_curves.png,c:/Users/zacar/Desktop/Master IEBS DS & Big Data/TFM_IEBS/outputs/daily_plots/2023-07-05_quality_weather.png
2023-07-06,1440,False,True,,c:/Users/zacar/Desktop/Master IEBS DS & Big Data/TFM_IEBS/outputs/daily_plots/2023-07-06_solar_curves.png,c:/Users/zacar/Desktop/Master IEBS DS & Big Data/TFM_IEBS/outputs/daily_plots/2023-07-06_quality_weather.png
2023-07-07,1440,False,True,,c:/Users/zacar/Desktop/Master IEBS DS & Big Data/TFM_IEBS/outputs/daily_plots/2023-07-07_solar_curves.png,c:/Users/zacar/Desktop/Master IEBS DS & Big Data/TFM_IEBS/outputs/daily_plots/2023-07-07_quality_weather.png
2023-07-08,1440,False,True,,c:/Users/zacar/Desktop/Master IEBS DS & Big Data/TFM_IEBS/outputs/daily_plots/2023-07-08_solar_curves.png,c:/Users/zacar/Desktop/Master IEBS DS & Big Data/TFM_IEBS/outputs/daily_plots/2023-07-08_quality_weather.png
2023-07-09,1440,False,True,,c:/Users/zacar/Desktop/Master IEBS DS & Big Data/TFM_IEBS/outputs/daily_plots/2023-07-09_solar_curves.png,c:/Users/zacar/Desktop/Master IEBS DS & Big Data/TFM_IEBS/outputs/daily_plots/2023-07-09_quality_weather.png
2023-07-10,1440,False,True,,c:/Users/zacar/Desktop/Master IEBS DS & Big Data/TFM_IEBS/outputs/daily_plots/2023-07-10_solar_curves.png,c:/Users/zacar/Desktop/Master IEBS DS & Big Data/TFM_IEBS/outputs/daily_plots/2023-07-10_quality_weather.png
2023-07-11,1440,False,True,,c:/Users/zacar/Desktop/Master IEBS DS & Big Data/TFM_IEBS/outputs/daily_plots/2023-07-11_solar_curves.png,c:/Users/zacar/Desktop/Master IEBS DS & Big Data/TFM_IEBS/outputs/daily_plots/2023-07-11_quality_weather.png
2023-07-12,1440,False,True,,c:/Users/zacar/Desktop/Master IEBS DS & Big Data/TFM_IEBS/outputs/daily_plots/2023-07-12_solar_curves.png,c:/Users/zacar/Desktop/Master IEBS DS & Big Data/TFM_IEBS/outputs/daily_plots/2023-07-12_quality_weather.png
2023-07-13,1440,False,True,,c:/Users/zacar/Desktop/Master IEBS DS & Big Data/TFM_IEBS/outputs/daily_plots/2023-07-13_solar_curves.png,c:/Users/zacar/Desktop/Master IEBS DS & Big Data/TFM_IEBS/outputs/daily_plots/2023-07-13_quality_weather.png
2023-07-14,1440,False,True,,c:/Users/zacar/Desktop/Master IEBS DS & Big Data/TFM_IEBS/outputs/daily_plots/2023-07-14_solar_curves.png,c:/Users/zacar/Desktop/Master IEBS DS & Big Data/TFM_IEBS/outputs/daily_plots/2023-07-14_quality_weather.png
2023-07-15,1440,False,True,,c:/Users/zacar/Desktop/Master IEBS DS & Big Data/TFM_IEBS/outputs/daily_plots/2023-07-15_solar_curves.png,c:/Users/zacar/Desktop/Master IEBS DS & Big Data/TFM_IEBS/outputs/daily_plots/2023-07-15_quality_weather.png
2023-07-16,1440,True,False,6a698e63b791d0daa5e1de72,c:/Users/zacar/Desktop/Master IEBS DS & Big Data/TFM_IEBS/outputs/daily_plots/2023-07-16_solar_curves.png,c:/Users/zacar/Desktop/Master IEBS DS & Big Data/TFM_IEBS/outputs/daily_plots/2023-07-16_quality_weather.png
2023-07-17,1440,True,False,6a698e66b791d0daa5e1de73,c:/Users/zacar/Desktop/Master IEBS DS & Big Data/TFM_IEBS/outputs/daily_plots/2023-07-17_solar_curves.png,c:/Users/zacar/Desktop/Master IEBS DS & Big Data/TFM_IEBS/outputs/daily_plots/2023-07-17_quality_weather.png
2023-07-18,1440,False,True,,c:/Users/zacar/Desktop/Master IEBS DS & Big Data/TFM_IEBS/outputs/daily_plots/2023-07-18_solar_curves.png,c:/Users/zacar/Desktop/Master IEBS DS & Big Data/TFM_IEBS/outputs/daily_plots/2023-07-18_quality_weather.png
2023-07-19,1440,False,True,,c:/Users/zacar/Desktop/Master IEBS DS & Big Data/TFM_IEBS/outputs/daily_plots/2023-07-19_solar_curves.png,c:/Users/zacar/Desktop/Master IEBS DS & Big Data/TFM_IEBS/outputs/daily_plots/2023-07-19_quality_weather.png
2023-07-20,1440,False,True,,c:/Users/zacar/Desktop/Master IEBS DS & Big Data/TFM_IEBS/outputs/daily_plots/2023-07-20_solar_curves.png,c:/Users/zacar/Desktop/Master IEBS DS & Big Data/TFM_IEBS/outputs/daily_plots/2023-07-20_quality_weather.png
2023-07-21,1440,False,True,,c:/Users/zacar/Desktop/Master IEBS DS & Big Data/TFM_IEBS/outputs/daily_plots/2023-07-21_solar_curves.png,c:/Users/zacar/Desktop/Master IEBS DS & Big Data/TFM_IEBS/outputs/daily_plots/2023-07-21_quality_weather.png
2023-07-22,1440,False,True,,c:/Users/zacar/Desktop/Master IEBS DS & Big Data/TFM_IEBS/outputs/daily_plots/2023-07-22_solar_curves.png,c:/Users/zacar/Desktop/Master IEBS DS & Big Data/TFM_IEBS/outputs/daily_plots/2023-07-22_quality_weather.png
2023-07-23,1440,False,True,,c:/Users/zacar/Desktop/Master IEBS DS & Big Data/TFM_IEBS/outputs/daily_plots/2023-07-23_solar_curves.png,c:/Users/zacar/Desktop/Master IEBS DS & Big Data/TFM_IEBS/outputs/daily_plots/2023-07-23_quality_weather.png
2023-07-24,1440,False,True,,c:/Users/zacar/Desktop/Master IEBS DS & Big Data/TFM_IEBS/outputs/daily_plots/2023-07-24_solar_curves.png,c:/Users/zacar/Desktop/Master IEBS DS & Big Data/TFM_IEBS/outputs/daily_plots/2023-07-24_quality_weather.png
2023-07-25,1440,False,True,,c:/Users/zacar/Desktop/Master IEBS DS & Big Data/TFM_IEBS/outputs/daily_plots/2023-07-25_solar_curves.png,c:/Users/zacar/Desktop/Master IEBS DS & Big Data/TFM_IEBS/outputs/daily_plots/2023-07-25_quality_weather.png
2023-07-26,1440,False,True,,c:/Users/zacar/Desktop/Master IEBS DS & Big Data/TFM_IEBS/outputs/daily_plots/2023-07-26_solar_curves.png,c:/Users/zacar/Desktop/Master IEBS DS & Big Data/TFM_IEBS/outputs/daily_plots/2023-07-26_quality_weather.png
2023-07-27,1440,False,True,,c:/Users/zacar/Desktop/Master IEBS DS & Big Data/TFM_IEBS/outputs/daily_plots/2023-07-27_solar_curves.png,c:/Users/zacar/Desktop/Master IEBS DS & Big Data/TFM_IEBS/outputs/daily_plots/2023-07-27_quality_weather.png
2023-07-28,1440,False,True,,c:/Users/zacar/Desktop/Master IEBS DS & Big Data/TFM_IEBS/outputs/daily_plots/2023-07-28_solar_curves.png,c:/Users/zacar/Desktop/Master IEBS DS & Big Data/TFM_IEBS/outputs/daily_plots/2023-07-28_quality_weather.png
2023-07-29,1440,False,True,,c:/Users/zacar/Desktop/Master IEBS DS & Big Data/TFM_IEBS/outputs/daily_plots/2023-07-29_solar_curves.png,c:/Users/zacar/Desktop/Master IEBS DS & Big Data/TFM_IEBS/outputs/daily_plots/2023-07-29_quality_weather.png
2023-07-30,1440,False,True,,c:/Users/zacar/Desktop/Master IEBS DS & Big Data/TFM_IEBS/outputs/daily_plots/2023-07-30_solar_curves.png,c:/Users/zacar/Desktop/Master IEBS DS & Big Data/TFM_IEBS/outputs/daily_plots/2023-07-30_quality_weather.png
2023-07-31,1440,False,True,,c:/Users/zacar/Desktop/Master IEBS DS & Big Data/TFM_IEBS/outputs/daily_plots/2023-07-31_solar_curves.png,c:/Users/zacar/Desktop/Master IEBS DS & Big Data/TFM_IEBS/outputs/daily_plots/2023-07-31_quality_weather.png
2023-08-01,1440,False,True,,c:/Users/zacar/Desktop/Master IEBS DS & Big Data/TFM_IEBS/outputs/daily_plots/2023-08-01_solar_curves.png,c:/Users/zacar/Desktop/Master IEBS DS & Big Data/TFM_IEBS/outputs/daily_plots/2023-08-01_quality_weather.png
2023-08-02,1440,False,True,,c:/Users/zacar/Desktop/Master IEBS DS & Big Data/TFM_IEBS/outputs/daily_plots/2023-08-02_solar_curves.png,c:/Users/zacar/Desktop/Master IEBS DS & Big Data/TFM_IEBS/outputs/daily_plots/2023-08-02_quality_weather.png
2023-08-03,1440,False,True,,c:/Users/zacar/Desktop/Master IEBS DS & Big Data/TFM_IEBS/outputs/daily_plots/2023-08-03_solar_curves.png,c:/Users/zacar/Desktop/Master IEBS DS & Big Data/TFM_IEBS/outputs/daily_plots/2023-08-03_quality_weather.png
2023-08-04,1440,False,True,,c:/Users/zacar/Desktop/Master IEBS DS & Big Data/TFM_IEBS/outputs/daily_plots/2023-08-04_solar_curves.png,c:/Users/zacar/Desktop/Master IEBS DS & Big Data/TFM_IEBS/outputs/daily_plots/2023-08-04_quality_weather.png
2023-08-05,1440,False,True,,c:/Users/zacar/Desktop/Master IEBS DS & Big Data/TFM_IEBS/outputs/daily_plots/2023-08-05_solar_curves.png,c:/Users/zacar/Desktop/Master IEBS DS & Big Data/TFM_IEBS/outputs/daily_plots/2023-08-05_quality_weather.png
2023-08-06,1440,False,True,,c:/Users/zacar/Desktop/Master IEBS DS & Big Data/TFM_IEBS/outputs/daily_plots/2023-08-06_solar_curves.png,c:/Users/zacar/Desktop/Master IEBS DS & Big Data/TFM_IEBS/outputs/daily_plots/2023-08-06_quality_weather.png
2023-08-07,1440,False,True,,c:/Users/zacar/Desktop/Master IEBS DS & Big Data/TFM_IEBS/outputs/daily_plots/2023-08-07_solar_curves.png,c:/Users/zacar/Desktop/Master IEBS DS & Big Data/TFM_IEBS/outputs/daily_plots/2023-08-07_quality_weather.png
2023-08-08,1440,False,True,,c:/Users/zacar/Desktop/Master IEBS DS & Big Data/TFM_IEBS/outputs/daily_plots/2023-08-08_solar_curves.png,c:/Users/zacar/Desktop/Master IEBS DS & Big Data/TFM_IEBS/outputs/daily_plots/2023-08-08_quality_weather.png
2023-08-09,1440,False,True,,c:/Users/zacar/Desktop/Master IEBS DS & Big Data/TFM_IEBS/outputs/daily_plots/2023-08-09_solar_curves.png,c:/Users/zacar/Desktop/Master IEBS DS & Big Data/TFM_IEBS/outputs/daily_plots/2023-08-09_quality_weather.png
2023-08-10,1440,False,True,,c:/Users/zacar/Desktop/Master IEBS DS & Big Data/TFM_IEBS/outputs/daily_plots/2023-08-10_solar_curves.png,c:/Users/zacar/Desktop/Master IEBS DS & Big Data/TFM_IEBS/outputs/daily_plots/2023-08-10_quality_weather.png
2023-08-11,1440,False,True,,c:/Users/zacar/Desktop/Master IEBS DS & Big Data/TFM_IEBS/outputs/daily_plots/2023-08-11_solar_curves.png,c:/Users/zacar/Desktop/Master IEBS DS & Big Data/TFM_IEBS/outputs/daily_plots/2023-08-11_quality_weather.png
2023-08-12,1440,False,True,,c:/Users/zacar/Desktop/Master IEBS DS & Big Data/TFM_IEBS/outputs/daily_plots/2023-08-12_solar_curves.png,c:/Users/zacar/Desktop/Master IEBS DS & Big Data/TFM_IEBS/outputs/daily_plots/2023-08-12_quality_weather.png
2023-08-13,1440,False,True,,c:/Users/zacar/Desktop/Master IEBS DS & Big Data/TFM_IEBS/outputs/daily_plots/2023-08-13_solar_curves.png,c:/Users/zacar/Desktop/Master IEBS DS & Big Data/TFM_IEBS/outputs/daily_plots/2023-08-13_quality_weather.png
2023-08-14,1440,False,True,,c:/Users/zacar/Desktop/Master IEBS DS & Big Data/TFM_IEBS/outputs/daily_plots/2023-08-14_solar_curves.png,c:/Users/zacar/Desktop/Master IEBS DS & Big Data/TFM_IEBS/outputs/daily_plots/2023-08-14_quality_weather.png
2023-08-15,1440,False,True,,c:/Users/zacar/Desktop/Master IEBS DS & Big Data/TFM_IEBS/outputs/daily_plots/2023-08-15_solar_curves.png,c:/Users/zacar/Desktop/Master IEBS DS & Big Data/TFM_IEBS/outputs/daily_plots/2023-08-15_quality_weather.png
2023-08-16,1440,False,True,,c:/Users/zacar/Desktop/Master IEBS DS & Big Data/TFM_IEBS/outputs/daily_plots/2023-08-16_solar_curves.png,c:/Users/zacar/Desktop/Master IEBS DS & Big Data/TFM_IEBS/outputs/daily_plots/2023-08-16_quality_weather.png
2023-08-17,1440,False,True,,c:/Users/zacar/Desktop/Master IEBS DS & Big Data/TFM_IEBS/outputs/daily_plots/2023-08-17_solar_curves.png,c:/Users/zacar/Desktop/Master IEBS DS & Big Data/TFM_IEBS/outputs/daily_plots/2023-08-17_quality_weather.png
2023-08-18,1440,False,True,,c:/Users/zacar/Desktop/Master IEBS DS & Big Data/TFM_IEBS/outputs/daily_plots/2023-08-18_solar_curves.png,c:/Users/zacar/Desktop/Master IEBS DS & Big Data/TFM_IEBS/outputs/daily_plots/2023-08-18_quality_weather.png
2023-08-19,1440,False,True,,c:/Users/zacar/Desktop/Master IEBS DS & Big Data/TFM_IEBS/outputs/daily_plots/2023-08-19_solar_curves.png,c:/Users/zacar/Desktop/Master IEBS DS & Big Data/TFM_IEBS/outputs/daily_plots/2023-08-19_quality_weather.png
2023-08-20,1440,False,True,,c:/Users/zacar/Desktop/Master IEBS DS & Big Data/TFM_IEBS/outputs/daily_plots/2023-08-20_solar_curves.png,c:/Users/zacar/Desktop/Master IEBS DS & Big Data/TFM_IEBS/outputs/daily_plots/2023-08-20_quality_weather.png
2023-08-21,1440,False,True,,c:/Users/zacar/Desktop/Master IEBS DS & Big Data/TFM_IEBS/outputs/daily_plots/2023-08-21_solar_curves.png,c:/Users/zacar/Desktop/Master IEBS DS & Big Data/TFM_IEBS/outputs/daily_plots/2023-08-21_quality_weather.png
2023-08-22,1440,False,True,,c:/Users/zacar/Desktop/Master IEBS DS & Big Data/TFM_IEBS/outputs/daily_plots/2023-08-22_solar_curves.png,c:/Users/zacar/Desktop/Master IEBS DS & Big Data/TFM_IEBS/outputs/daily_plots/2023-08-22_quality_weather.png
2023-08-23,1440,False,True,,c:/Users/zacar/Desktop/Master IEBS DS & Big Data/TFM_IEBS/outputs/daily_plots/2023-08-23_solar_curves.png,c:/Users/zacar/Desktop/Master IEBS DS & Big Data/TFM_IEBS/outputs/daily_plots/2023-08-23_quality_weather.png
2023-08-24,1440,False,True,,c:/Users/zacar/Desktop/Master IEBS DS & Big Data/TFM_IEBS/outputs/daily_plots/2023-08-24_solar_curves.png,c:/Users/zacar/Desktop/Master IEBS DS & Big Data/TFM_IEBS/outputs/daily_plots/2023-08-24_quality_weather.png
2023-08-25,1440,False,True,,c:/Users/zacar/Desktop/Master IEBS DS & Big Data/TFM_IEBS/outputs/daily_plots/2023-08-25_solar_curves.png,c:/Users/zacar/Desktop/Master IEBS DS & Big Data/TFM_IEBS/outputs/daily_plots/2023-08-25_quality_weather.png
2023-08-26,1440,False,True,,c:/Users/zacar/Desktop/Master IEBS DS & Big Data/TFM_IEBS/outputs/daily_plots/2023-08-26_solar_curves.png,c:/Users/zacar/Desktop/Master IEBS DS & Big Data/TFM_IEBS/outputs/daily_plots/2023-08-26_quality_weather.png
2023-08-27,1440,False,True,,c:/Users/zacar/Desktop/Master IEBS DS & Big Data/TFM_IEBS/outputs/daily_plots/2023-08-27_solar_curves.png,c:/Users/zacar/Desktop/Master IEBS DS & Big Data/TFM_IEBS/outputs/daily_plots/2023-08-27_quality_weather.png
2023-08-28,1440,False,True,,c:/Users/zacar/Desktop/Master IEBS DS & Big Data/TFM_IEBS/outputs/daily_plots/2023-08-28_solar_curves.png,c:/Users/zacar/Desktop/Master IEBS DS & Big Data/TFM_IEBS/outputs/daily_plots/2023-08-28_quality_weather.png
2023-08-29,1440,False,True,,c:/Users/zacar/Desktop/Master IEBS DS & Big Data/TFM_IEBS/outputs/daily_plots/2023-08-29_solar_curves.png,c:/Users/zacar/Desktop/Master IEBS DS & Big Data/TFM_IEBS/outputs/daily_plots/2023-08-29_quality_weather.png
2023-08-30,1440,False,True,,c:/Users/zacar/Desktop/Master IEBS DS & Big Data/TFM_IEBS/outputs/daily_plots/2023-08-30_solar_curves.png,c:/Users/zacar/Desktop/Master IEBS DS & Big Data/TFM_IEBS/outputs/daily_plots/2023-08-30_quality_weather.png
2023-08-31,1440,False,True,,c:/Users/zacar/Desktop/Master IEBS DS & Big Data/TFM_IEBS/outputs/daily_plots/2023-08-31_solar_curves.png,c:/Users/zacar/Desktop/Master IEBS DS & Big Data/TFM_IEBS/outputs/daily_plots/2023-08-31_quality_weather.png
2023-09-01,1440,False,True,,c:/Users/zacar/Desktop/Master IEBS DS & Big Data/TFM_IEBS/outputs/daily_plots/2023-09-01_solar_curves.png,c:/Users/zacar/Desktop/Master IEBS DS & Big Data/TFM_IEBS/outputs/daily_plots/2023-09-01_quality_weather.png
2023-09-02,1440,False,True,,c:/Users/zacar/Desktop/Master IEBS DS & Big Data/TFM_IEBS/outputs/daily_plots/2023-09-02_solar_curves.png,c:/Users/zacar/Desktop/Master IEBS DS & Big Data/TFM_IEBS/outputs/daily_plots/2023-09-02_quality_weather.png
2023-09-03,1440,False,True,,c:/Users/zacar/Desktop/Master IEBS DS & Big Data/TFM_IEBS/outputs/daily_plots/2023-09-03_solar_curves.png,c:/Users/zacar/Desktop/Master IEBS DS & Big Data/TFM_IEBS/outputs/daily_plots/2023-09-03_quality_weather.png
2023-09-04,1440,False,True,,c:/Users/zacar/Desktop/Master IEBS DS & Big Data/TFM_IEBS/outputs/daily_plots/2023-09-04_solar_curves.png,c:/Users/zacar/Desktop/Master IEBS DS & Big Data/TFM_IEBS/outputs/daily_plots/2023-09-04_quality_weather.png
2023-09-05,1440,False,True,,c:/Users/zacar/Desktop/Master IEBS DS & Big Data/TFM_IEBS/outputs/daily_plots/2023-09-05_solar_curves.png,c:/Users/zacar/Desktop/Master IEBS DS & Big Data/TFM_IEBS/outputs/daily_plots/2023-09-05_quality_weather.png
2023-09-06,1440,False,True,,c:/Users/zacar/Desktop/Master IEBS DS & Big Data/TFM_IEBS/outputs/daily_plots/2023-09-06_solar_curves.png,c:/Users/zacar/Desktop/Master IEBS DS & Big Data/TFM_IEBS/outputs/daily_plots/2023-09-06_quality_weather.png
2023-09-07,1440,False,True,,c:/Users/zacar/Desktop/Master IEBS DS & Big Data/TFM_IEBS/outputs/daily_plots/2023-09-07_solar_curves.png,c:/Users/zacar/Desktop/Master IEBS DS & Big Data/TFM_IEBS/outputs/daily_plots/2023-09-07_quality_weather.png
2023-09-08,1440,False,True,,c:/Users/zacar/Desktop/Master IEBS DS & Big Data/TFM_IEBS/outputs/daily_plots/2023-09-08_solar_curves.png,c:/Users/zacar/Desktop/Master IEBS DS & Big Data/TFM_IEBS/outputs/daily_plots/2023-09-08_quality_weather.png
2023-09-09,1440,False,True,,c:/Users/zacar/Desktop/Master IEBS DS & Big Data/TFM_IEBS/outputs/daily_plots/2023-09-09_solar_curves.png,c:/Users/zacar/Desktop/Master IEBS DS & Big Data/TFM_IEBS/outputs/daily_plots/2023-09-09_quality_weather.png
2023-09-10,1440,False,True,,c:/Users/zacar/Desktop/Master IEBS DS & Big Data/TFM_IEBS/outputs/daily_plots/2023-09-10_solar_curves.png,c:/Users/zacar/Desktop/Master IEBS DS & Big Data/TFM_IEBS/outputs/daily_plots/2023-09-10_quality_weather.png
2023-09-11,1440,False,True,,c:/Users/zacar/Desktop/Master IEBS DS & Big Data/TFM_IEBS/outputs/daily_plots/2023-09-11_solar_curves.png,c:/Users/zacar/Desktop/Master IEBS DS & Big Data/TFM_IEBS/outputs/daily_plots/2023-09-11_quality_weather.png
2023-09-12,1440,False,True,,c:/Users/zacar/Desktop/Master IEBS DS & Big Data/TFM_IEBS/outputs/daily_plots/2023-09-12_solar_curves.png,c:/Users/zacar/Desktop/Master IEBS DS & Big Data/TFM_IEBS/outputs/daily_plots/2023-09-12_quality_weather.png
2023-09-13,1440,False,True,,c:/Users/zacar/Desktop/Master IEBS DS & Big Data/TFM_IEBS/outputs/daily_plots/2023-09-13_solar_curves.png,c:/Users/zacar/Desktop/Master IEBS DS & Big Data/TFM_IEBS/outputs/daily_plots/2023-09-13_quality_weather.png
2023-09-14,1440,False,True,,c:/Users/zacar/Desktop/Master IEBS DS & Big Data/TFM_IEBS/outputs/daily_plots/2023-09-14_solar_curves.png,c:/Users/zacar/Desktop/Master IEBS DS & Big Data/TFM_IEBS/outputs/daily_plots/2023-09-14_quality_weather.png
2023-09-15,1440,False,True,,c:/Users/zacar/Desktop/Master IEBS DS & Big Data/TFM_IEBS/outputs/daily_plots/2023-09-15_solar_curves.png,c:/Users/zacar/Desktop/Master IEBS DS & Big Data/TFM_IEBS/outputs/daily_plots/2023-09-15_quality_weather.png
2023-09-16,1440,False,True,,c:/Users/zacar/Desktop/Master IEBS DS & Big Data/TFM_IEBS/outputs/daily_plots/2023-09-16_solar_curves.png,c:/Users/zacar/Desktop/Master IEBS DS & Big Data/TFM_IEBS/outputs/daily_plots/2023-09-16_quality_weather.png
2023-09-17,1440,False,True,,c:/Users/zacar/Desktop/Master IEBS DS & Big Data/TFM_IEBS/outputs/daily_plots/2023-09-17_solar_curves.png,c:/Users/zacar/Desktop/Master IEBS DS & Big Data/TFM_IEBS/outputs/daily_plots/2023-09-17_quality_weather.png
2023-09-18,1440,False,True,,c:/Users/zacar/Desktop/Master IEBS DS & Big Data/TFM_IEBS/outputs/daily_plots/2023-09-18_solar_curves.png,c:/Users/zacar/Desktop/Master IEBS DS & Big Data/TFM_IEBS/outputs/daily_plots/2023-09-18_quality_weather.png
2023-09-19,1440,False,True,,c:/Users/zacar/Desktop/Master IEBS DS & Big Data/TFM_IEBS/outputs/daily_plots/2023-09-19_solar_curves.png,c:/Users/zacar/Desktop/Master IEBS DS & Big Data/TFM_IEBS/outputs/daily_plots/2023-09-19_quality_weather.png
2023-09-20,1440,False,True,,c:/Users/zacar/Desktop/Master IEBS DS & Big Data/TFM_IEBS/outputs/daily_plots/2023-09-20_solar_curves.png,c:/Users/zacar/Desktop/Master IEBS DS & Big Data/TFM_IEBS/outputs/daily_plots/2023-09-20_quality_weather.png
2023-09-21,1440,False,True,,c:/Users/zacar/Desktop/Master IEBS DS & Big Data/TFM_IEBS/outputs/daily_plots/2023-09-21_solar_curves.png,c:/Users/zacar/Desktop/Master IEBS DS & Big Data/TFM_IEBS/outputs/daily_plots/2023-09-21_quality_weather.png
2023-09-22,1440,False,True,,c:/Users/zacar/Desktop/Master IEBS DS & Big Data/TFM_IEBS/outputs/daily_plots/2023-09-22_solar_curves.png,c:/Users/zacar/Desktop/Master IEBS DS & Big Data/TFM_IEBS/outputs/daily_plots/2023-09-22_quality_weather.png
2023-09-23,1440,False,True,,c:/Users/zacar/Desktop/Master IEBS DS & Big Data/TFM_IEBS/outputs/daily_plots/2023-09-23_solar_curves.png,c:/Users/zacar/Desktop/Master IEBS DS & Big Data/TFM_IEBS/outputs/daily_plots/2023-09-23_quality_weather.png
2023-09-24,1440,False,True,,c:/Users/zacar/Desktop/Master IEBS DS & Big Data/TFM_IEBS/outputs/daily_plots/2023-09-24_solar_curves.png,c:/Users/zacar/Desktop/Master IEBS DS & Big Data/TFM_IEBS/outputs/daily_plots/2023-09-24_quality_weather.png
2023-09-25,1440,False,True,,c:/Users/zacar/Desktop/Master IEBS DS & Big Data/TFM_IEBS/outputs/daily_plots/2023-09-25_solar_curves.png,c:/Users/zacar/Desktop/Master IEBS DS & Big Data/TFM_IEBS/outputs/daily_plots/2023-09-25_quality_weather.png
2023-09-26,1440,False,True,,c:/Users/zacar/Desktop/Master IEBS DS & Big Data/TFM_IEBS/outputs/daily_plots/2023-09-26_solar_curves.png,c:/Users/zacar/Desktop/Master IEBS DS & Big Data/TFM_IEBS/outputs/daily_plots/2023-09-26_quality_weather.png
2023-09-27,1440,False,True,,c:/Users/zacar/Desktop/Master IEBS DS & Big Data/TFM_IEBS/outputs/daily_plots/2023-09-27_solar_curves.png,c:/Users/zacar/Desktop/Master IEBS DS & Big Data/TFM_IEBS/outputs/daily_plots/2023-09-27_quality_weather.png
2023-09-28,1440,False,True,,c:/Users/zacar/Desktop/Master IEBS DS & Big Data/TFM_IEBS/outputs/daily_plots/2023-09-28_solar_curves.png,c:/Users/zacar/Desktop/Master IEBS DS & Big Data/TFM_IEBS/outputs/daily_plots/2023-09-28_quality_weather.png
2023-09-29,1440,False,True,,c:/Users/zacar/Desktop/Master IEBS DS & Big Data/TFM_IEBS/outputs/daily_plots/2023-09-29_solar_curves.png,c:/Users/zacar/Desktop/Master IEBS DS & Big Data/TFM_IEBS/outputs/daily_plots/2023-09-29_quality_weather.png
2023-09-30,1440,False,True,,c:/Users/zacar/Desktop/Master IEBS DS & Big Data/TFM_IEBS/outputs/daily_plots/2023-09-30_solar_curves.png,c:/Users/zacar/Desktop/Master IEBS DS & Big Data/TFM_IEBS/outputs/daily_plots/2023-09-30_quality_weather.png
2023-10-01,1440,False,True,,c:/Users/zacar/Desktop/Master IEBS DS & Big Data/TFM_IEBS/outputs/daily_plots/2023-10-01_solar_curves.png,c:/Users/zacar/Desktop/Master IEBS DS & Big Data/TFM_IEBS/outputs/daily_plots/2023-10-01_quality_weather.png
2023-10-02,1440,False,True,,c:/Users/zacar/Desktop/Master IEBS DS & Big Data/TFM_IEBS/outputs/daily_plots/2023-10-02_solar_curves.png,c:/Users/zacar/Desktop/Master IEBS DS & Big Data/TFM_IEBS/outputs/daily_plots/2023-10-02_quality_weather.png
2023-10-03,1440,False,True,,c:/Users/zacar/Desktop/Master IEBS DS & Big Data/TFM_IEBS/outputs/daily_plots/2023-10-03_solar_curves.png,c:/Users/zacar/Desktop/Master IEBS DS & Big Data/TFM_IEBS/outputs/daily_plots/2023-10-03_quality_weather.png
2023-10-04,1440,False,True,,c:/Users/zacar/Desktop/Master IEBS DS & Big Data/TFM_IEBS/outputs/daily_plots/2023-10-04_solar_curves.png,c:/Users/zacar/Desktop/Master IEBS DS & Big Data/TFM_IEBS/outputs/daily_plots/2023-10-04_quality_weather.png
2023-10-05,1440,False,True,,c:/Users/zacar/Desktop/Master IEBS DS & Big Data/TFM_IEBS/outputs/daily_plots/2023-10-05_solar_curves.png,c:/Users/zacar/Desktop/Master IEBS DS & Big Data/TFM_IEBS/outputs/daily_plots/2023-10-05_quality_weather.png
2023-10-06,1440,False,True,,c:/Users/zacar/Desktop/Master IEBS DS & Big Data/TFM_IEBS/outputs/daily_plots/2023-10-06_solar_curves.png,c:/Users/zacar/Desktop/Master IEBS DS & Big Data/TFM_IEBS/outputs/daily_plots/2023-10-06_quality_weather.png
2023-10-07,1440,False,True,,c:/Users/zacar/Desktop/Master IEBS DS & Big Data/TFM_IEBS/outputs/daily_plots/2023-10-07_solar_curves.png,c:/Users/zacar/Desktop/Master IEBS DS & Big Data/TFM_IEBS/outputs/daily_plots/2023-10-07_quality_weather.png
2023-10-08,1440,False,True,,c:/Users/zacar/Desktop/Master IEBS DS & Big Data/TFM_IEBS/outputs/daily_plots/2023-10-08_solar_curves.png,c:/Users/zacar/Desktop/Master IEBS DS & Big Data/TFM_IEBS/outputs/daily_plots/2023-10-08_quality_weather.png
2023-10-09,1440,False,True,,c:/Users/zacar/Desktop/Master IEBS DS & Big Data/TFM_IEBS/outputs/daily_plots/2023-10-09_solar_curves.png,c:/Users/zacar/Desktop/Master IEBS DS & Big Data/TFM_IEBS/outputs/daily_plots/2023-10-09_quality_weather.png
2023-10-10,1440,False,True,,c:/Users/zacar/Desktop/Master IEBS DS & Big Data/TFM_IEBS/outputs/daily_plots/2023-10-10_solar_curves.png,c:/Users/zacar/Desktop/Master IEBS DS & Big Data/TFM_IEBS/outputs/daily_plots/2023-10-10_quality_weather.png
2023-10-11,1440,False,True,,c:/Users/zacar/Desktop/Master IEBS DS & Big Data/TFM_IEBS/outputs/daily_plots/2023-10-11_solar_curves.png,c:/Users/zacar/Desktop/Master IEBS DS & Big Data/TFM_IEBS/outputs/daily_plots/2023-10-11_quality_weather.png
2023-10-12,1440,False,True,,c:/Users/zacar/Desktop/Master IEBS DS & Big Data/TFM_IEBS/outputs/daily_plots/2023-10-12_solar_curves.png,c:/Users/zacar/Desktop/Master IEBS DS & Big Data/TFM_IEBS/outputs/daily_plots/2023-10-12_quality_weather.png
2023-10-13,1440,False,True,,c:/Users/zacar/Desktop/Master IEBS DS & Big Data/TFM_IEBS/outputs/daily_plots/2023-10-13_solar_curves.png,c:/Users/zacar/Desktop/Master IEBS DS & Big Data/TFM_IEBS/outputs/daily_plots/2023-10-13_quality_weather.png
2023-10-14,1440,False,True,,c:/Users/zacar/Desktop/Master IEBS DS & Big Data/TFM_IEBS/outputs/daily_plots/2023-10-14_solar_curves.png,c:/Users/zacar/Desktop/Master IEBS DS & Big Data/TFM_IEBS/outputs/daily_plots/2023-10-14_quality_weather.png
2023-10-15,1440,False,True,,c:/Users/zacar/Desktop/Master IEBS DS & Big Data/TFM_IEBS/outputs/daily_plots/2023-10-15_solar_curves.png,c:/Users/zacar/Desktop/Master IEBS DS & Big Data/TFM_IEBS/outputs/daily_plots/2023-10-15_quality_weather.png
2023-10-16,1440,False,True,,c:/Users/zacar/Desktop/Master IEBS DS & Big Data/TFM_IEBS/outputs/daily_plots/2023-10-16_solar_curves.png,c:/Users/zacar/Desktop/Master IEBS DS & Big Data/TFM_IEBS/outputs/daily_plots/2023-10-16_quality_weather.png
2023-10-17,1440,False,True,,c:/Users/zacar/Desktop/Master IEBS DS & Big Data/TFM_IEBS/outputs/daily_plots/2023-10-17_solar_curves.png,c:/Users/zacar/Desktop/Master IEBS DS & Big Data/TFM_IEBS/outputs/daily_plots/2023-10-17_quality_weather.png
2023-10-18,1440,False,True,,c:/Users/zacar/Desktop/Master IEBS DS & Big Data/TFM_IEBS/outputs/daily_plots/2023-10-18_solar_curves.png,c:/Users/zacar/Desktop/Master IEBS DS & Big Data/TFM_IEBS/outputs/daily_plots/2023-10-18_quality_weather.png
2023-10-19,1440,False,True,,c:/Users/zacar/Desktop/Master IEBS DS & Big Data/TFM_IEBS/outputs/daily_plots/2023-10-19_solar_curves.png,c:/Users/zacar/Desktop/Master IEBS DS & Big Data/TFM_IEBS/outputs/daily_plots/2023-10-19_quality_weather.png
2023-10-20,1440,False,True,,c:/Users/zacar/Desktop/Master IEBS DS & Big Data/TFM_IEBS/outputs/daily_plots/2023-10-20_solar_curves.png,c:/Users/zacar/Desktop/Master IEBS DS & Big Data/TFM_IEBS/outputs/daily_plots/2023-10-20_quality_weather.png
2023-10-21,1440,False,True,,c:/Users/zacar/Desktop/Master IEBS DS & Big Data/TFM_IEBS/outputs/daily_plots/2023-10-21_solar_curves.png,c:/Users/zacar/Desktop/Master IEBS DS & Big Data/TFM_IEBS/outputs/daily_plots/2023-10-21_quality_weather.png
2023-10-22,1440,False,True,,c:/Users/zacar/Desktop/Master IEBS DS & Big Data/TFM_IEBS/outputs/daily_plots/2023-10-22_solar_curves.png,c:/Users/zacar/Desktop/Master IEBS DS & Big Data/TFM_IEBS/outputs/daily_plots/2023-10-22_quality_weather.png
2023-10-23,1440,False,True,,c:/Users/zacar/Desktop/Master IEBS DS & Big Data/TFM_IEBS/outputs/daily_plots/2023-10-23_solar_curves.png,c:/Users/zacar/Desktop/Master IEBS DS & Big Data/TFM_IEBS/outputs/daily_plots/2023-10-23_quality_weather.png
2023-10-24,1440,False,True,,c:/Users/zacar/Desktop/Master IEBS DS & Big Data/TFM_IEBS/outputs/daily_plots/2023-10-24_solar_curves.png,c:/Users/zacar/Desktop/Master IEBS DS & Big Data/TFM_IEBS/outputs/daily_plots/2023-10-24_quality_weather.png
2023-10-25,1440,False,True,,c:/Users/zacar/Desktop/Master IEBS DS & Big Data/TFM_IEBS/outputs/daily_plots/2023-10-25_solar_curves.png,c:/Users/zacar/Desktop/Master IEBS DS & Big Data/TFM_IEBS/outputs/daily_plots/2023-10-25_quality_weather.png
2023-10-26,1440,False,True,,c:/Users/zacar/Desktop/Master IEBS DS & Big Data/TFM_IEBS/outputs/daily_plots/2023-10-26_solar_curves.png,c:/Users/zacar/Desktop/Master IEBS DS & Big Data/TFM_IEBS/outputs/daily_plots/2023-10-26_quality_weather.png
2023-10-27,1440,False,True,,c:/Users/zacar/Desktop/Master IEBS DS & Big Data/TFM_IEBS/outputs/daily_plots/2023-10-27_solar_curves.png,c:/Users/zacar/Desktop/Master IEBS DS & Big Data/TFM_IEBS/outputs/daily_plots/2023-10-27_quality_weather.png
2023-10-28,1440,False,True,,c:/Users/zacar/Desktop/Master IEBS DS & Big Data/TFM_IEBS/outputs/daily_plots/2023-10-28_solar_curves.png,c:/Users/zacar/Desktop/Master IEBS DS & Big Data/TFM_IEBS/outputs/daily_plots/2023-10-28_quality_weather.png
2023-10-29,1440,False,True,,c:/Users/zacar/Desktop/Master IEBS DS & Big Data/TFM_IEBS/outputs/daily_plots/2023-10-29_solar_curves.png,c:/Users/zacar/Desktop/Master IEBS DS & Big Data/TFM_IEBS/outputs/daily_plots/2023-10-29_quality_weather.png
2023-10-30,1440,False,True,,c:/Users/zacar/Desktop/Master IEBS DS & Big Data/TFM_IEBS/outputs/daily_plots/2023-10-30_solar_curves.png,c:/Users/zacar/Desktop/Master IEBS DS & Big Data/TFM_IEBS/outputs/daily_plots/2023-10-30_quality_weather.png
2023-10-31,1440,False,True,,c:/Users/zacar/Desktop/Master IEBS DS & Big Data/TFM_IEBS/outputs/daily_plots/2023-10-31_solar_curves.png,c:/Users/zacar/Desktop/Master IEBS DS & Big Data/TFM_IEBS/outputs/daily_plots/2023-10-31_quality_weather.png
2023-11-01,1440,False,True,,c:/Users/zacar/Desktop/Master IEBS DS & Big Data/TFM_IEBS/outputs/daily_plots/2023-11-01_solar_curves.png,c:/Users/zacar/Desktop/Master IEBS DS & Big Data/TFM_IEBS/outputs/daily_plots/2023-11-01_quality_weather.png
2023-11-02,1440,False,True,,c:/Users/zacar/Desktop/Master IEBS DS & Big Data/TFM_IEBS/outputs/daily_plots/2023-11-02_solar_curves.png,c:/Users/zacar/Desktop/Master IEBS DS & Big Data/TFM_IEBS/outputs/daily_plots/2023-11-02_quality_weather.png
2023-11-03,1440,False,True,,c:/Users/zacar/Desktop/Master IEBS DS & Big Data/TFM_IEBS/outputs/daily_plots/2023-11-03_solar_curves.png,c:/Users/zacar/Desktop/Master IEBS DS & Big Data/TFM_IEBS/outputs/daily_plots/2023-11-03_quality_weather.png
2023-11-04,1440,False,True,,c:/Users/zacar/Desktop/Master IEBS DS & Big Data/TFM_IEBS/outputs/daily_plots/2023-11-04_solar_curves.png,c:/Users/zacar/Desktop/Master IEBS DS & Big Data/TFM_IEBS/outputs/daily_plots/2023-11-04_quality_weather.png
2023-11-05,1440,False,True,,c:/Users/zacar/Desktop/Master IEBS DS & Big Data/TFM_IEBS/outputs/daily_plots/2023-11-05_solar_curves.png,c:/Users/zacar/Desktop/Master IEBS DS & Big Data/TFM_IEBS/outputs/daily_plots/2023-11-05_quality_weather.png
2023-11-06,1440,False,True,,c:/Users/zacar/Desktop/Master IEBS DS & Big Data/TFM_IEBS/outputs/daily_plots/2023-11-06_solar_curves.png,c:/Users/zacar/Desktop/Master IEBS DS & Big Data/TFM_IEBS/outputs/daily_plots/2023-11-06_quality_weather.png
2023-11-07,1440,False,True,,c:/Users/zacar/Desktop/Master IEBS DS & Big Data/TFM_IEBS/outputs/daily_plots/2023-11-07_solar_curves.png,c:/Users/zacar/Desktop/Master IEBS DS & Big Data/TFM_IEBS/outputs/daily_plots/2023-11-07_quality_weather.png
2023-11-08,1440,False,True,,c:/Users/zacar/Desktop/Master IEBS DS & Big Data/TFM_IEBS/outputs/daily_plots/2023-11-08_solar_curves.png,c:/Users/zacar/Desktop/Master IEBS DS & Big Data/TFM_IEBS/outputs/daily_plots/2023-11-08_quality_weather.png
2023-11-09,1440,False,True,,c:/Users/zacar/Desktop/Master IEBS DS & Big Data/TFM_IEBS/outputs/daily_plots/2023-11-09_solar_curves.png,c:/Users/zacar/Desktop/Master IEBS DS & Big Data/TFM_IEBS/outputs/daily_plots/2023-11-09_quality_weather.png
2023-11-10,1440,False,True,,c:/Users/zacar/Desktop/Master IEBS DS & Big Data/TFM_IEBS/outputs/daily_plots/2023-11-10_solar_curves.png,c:/Users/zacar/Desktop/Master IEBS DS & Big Data/TFM_IEBS/outputs/daily_plots/2023-11-10_quality_weather.png
2023-11-11,1440,False,True,,c:/Users/zacar/Desktop/Master IEBS DS & Big Data/TFM_IEBS/outputs/daily_plots/2023-11-11_solar_curves.png,c:/Users/zacar/Desktop/Master IEBS DS & Big Data/TFM_IEBS/outputs/daily_plots/2023-11-11_quality_weather.png
2023-11-12,1440,False,True,,c:/Users/zacar/Desktop/Master IEBS DS & Big Data/TFM_IEBS/outputs/daily_plots/2023-11-12_solar_curves.png,c:/Users/zacar/Desktop/Master IEBS DS & Big Data/TFM_IEBS/outputs/daily_plots/2023-11-12_quality_weather.png
2023-11-13,1440,False,True,,c:/Users/zacar/Desktop/Master IEBS DS & Big Data/TFM_IEBS/outputs/daily_plots/2023-11-13_solar_curves.png,c:/Users/zacar/Desktop/Master IEBS DS & Big Data/TFM_IEBS/outputs/daily_plots/2023-11-13_quality_weather.png
2023-11-14,1440,False,True,,c:/Users/zacar/Desktop/Master IEBS DS & Big Data/TFM_IEBS/outputs/daily_plots/2023-11-14_solar_curves.png,c:/Users/zacar/Desktop/Master IEBS DS & Big Data/TFM_IEBS/outputs/daily_plots/2023-11-14_quality_weather.png
2023-11-15,1440,False,True,,c:/Users/zacar/Desktop/Master IEBS DS & Big Data/TFM_IEBS/outputs/daily_plots/2023-11-15_solar_curves.png,c:/Users/zacar/Desktop/Master IEBS DS & Big Data/TFM_IEBS/outputs/daily_plots/2023-11-15_quality_weather.png
2023-11-16,1440,False,True,,c:/Users/zacar/Desktop/Master IEBS DS & Big Data/TFM_IEBS/outputs/daily_plots/2023-11-16_solar_curves.png,c:/Users/zacar/Desktop/Master IEBS DS & Big Data/TFM_IEBS/outputs/daily_plots/2023-11-16_quality_weather.png
2023-11-17,1440,False,True,,c:/Users/zacar/Desktop/Master IEBS DS & Big Data/TFM_IEBS/outputs/daily_plots/2023-11-17_solar_curves.png,c:/Users/zacar/Desktop/Master IEBS DS & Big Data/TFM_IEBS/outputs/daily_plots/2023-11-17_quality_weather.png
2023-11-18,1440,False,True,,c:/Users/zacar/Desktop/Master IEBS DS & Big Data/TFM_IEBS/outputs/daily_plots/2023-11-18_solar_curves.png,c:/Users/zacar/Desktop/Master IEBS DS & Big Data/TFM_IEBS/outputs/daily_plots/2023-11-18_quality_weather.png
2023-11-19,1440,False,True,,c:/Users/zacar/Desktop/Master IEBS DS & Big Data/TFM_IEBS/outputs/daily_plots/2023-11-19_solar_curves.png,c:/Users/zacar/Desktop/Master IEBS DS & Big Data/TFM_IEBS/outputs/daily_plots/2023-11-19_quality_weather.png
2023-11-20,1440,False,True,,c:/Users/zacar/Desktop/Master IEBS DS & Big Data/TFM_IEBS/outputs/daily_plots/2023-11-20_solar_curves.png,c:/Users/zacar/Desktop/Master IEBS DS & Big Data/TFM_IEBS/outputs/daily_plots/2023-11-20_quality_weather.png
2023-11-21,1440,False,True,,c:/Users/zacar/Desktop/Master IEBS DS & Big Data/TFM_IEBS/outputs/daily_plots/2023-11-21_solar_curves.png,c:/Users/zacar/Desktop/Master IEBS DS & Big Data/TFM_IEBS/outputs/daily_plots/2023-11-21_quality_weather.png
2023-11-22,1440,False,True,,c:/Users/zacar/Desktop/Master IEBS DS & Big Data/TFM_IEBS/outputs/daily_plots/2023-11-22_solar_curves.png,c:/Users/zacar/Desktop/Master IEBS DS & Big Data/TFM_IEBS/outputs/daily_plots/2023-11-22_quality_weather.png
2023-11-23,1440,False,True,,c:/Users/zacar/Desktop/Master IEBS DS & Big Data/TFM_IEBS/outputs/daily_plots/2023-11-23_solar_curves.png,c:/Users/zacar/Desktop/Master IEBS DS & Big Data/TFM_IEBS/outputs/daily_plots/2023-11-23_quality_weather.png
2023-11-24,1440,False,True,,c:/Users/zacar/Desktop/Master IEBS DS & Big Data/TFM_IEBS/outputs/daily_plots/2023-11-24_solar_curves.png,c:/Users/zacar/Desktop/Master IEBS DS & Big Data/TFM_IEBS/outputs/daily_plots/2023-11-24_quality_weather.png
2023-11-25,1440,False,True,,c:/Users/zacar/Desktop/Master IEBS DS & Big Data/TFM_IEBS/outputs/daily_plots/2023-11-25_solar_curves.png,c:/Users/zacar/Desktop/Master IEBS DS & Big Data/TFM_IEBS/outputs/daily_plots/2023-11-25_quality_weather.png
2023-11-26,1440,False,True,,c:/Users/zacar/Desktop/Master IEBS DS & Big Data/TFM_IEBS/outputs/daily_plots/2023-11-26_solar_curves.png,c:/Users/zacar/Desktop/Master IEBS DS & Big Data/TFM_IEBS/outputs/daily_plots/2023-11-26_quality_weather.png
2023-11-27,1440,False,True,,c:/Users/zacar/Desktop/Master IEBS DS & Big Data/TFM_IEBS/outputs/daily_plots/2023-11-27_solar_curves.png,c:/Users/zacar/Desktop/Master IEBS DS & Big Data/TFM_IEBS/outputs/daily_plots/2023-11-27_quality_weather.png
2023-11-28,1440,False,True,,c:/Users/zacar/Desktop/Master IEBS DS & Big Data/TFM_IEBS/outputs/daily_plots/2023-11-28_solar_curves.png,c:/Users/zacar/Desktop/Master IEBS DS & Big Data/TFM_IEBS/outputs/daily_plots/2023-11-28_quality_weather.png
2023-11-29,1440,False,True,,c:/Users/zacar/Desktop/Master IEBS DS & Big Data/TFM_IEBS/outputs/daily_plots/2023-11-29_solar_curves.png,c:/Users/zacar/Desktop/Master IEBS DS & Big Data/TFM_IEBS/outputs/daily_plots/2023-11-29_quality_weather.png
2023-11-30,1440,False,True,,c:/Users/zacar/Desktop/Master IEBS DS & Big Data/TFM_IEBS/outputs/daily_plots/2023-11-30_solar_curves.png,c:/Users/zacar/Desktop/Master IEBS DS & Big Data/TFM_IEBS/outputs/daily_plots/2023-11-30_quality_weather.png
2023-12-01,1440,False,True,,c:/Users/zacar/Desktop/Master IEBS DS & Big Data/TFM_IEBS/outputs/daily_plots/2023-12-01_solar_curves.png,c:/Users/zacar/Desktop/Master IEBS DS & Big Data/TFM_IEBS/outputs/daily_plots/2023-12-01_quality_weather.png
2023-12-02,1440,False,True,,c:/Users/zacar/Desktop/Master IEBS DS & Big Data/TFM_IEBS/outputs/daily_plots/2023-12-02_solar_curves.png,c:/Users/zacar/Desktop/Master IEBS DS & Big Data/TFM_IEBS/outputs/daily_plots/2023-12-02_quality_weather.png
2023-12-03,1440,True,False,6a698fe2b791d0daa5e1de78,c:/Users/zacar/Desktop/Master IEBS DS & Big Data/TFM_IEBS/outputs/daily_plots/2023-12-03_solar_curves.png,c:/Users/zacar/Desktop/Master IEBS DS & Big Data/TFM_IEBS/outputs/daily_plots/2023-12-03_quality_weather.png
2023-12-04,1440,False,True,,c:/Users/zacar/Desktop/Master IEBS DS & Big Data/TFM_IEBS/outputs/daily_plots/2023-12-04_solar_curves.png,c:/Users/zacar/Desktop/Master IEBS DS & Big Data/TFM_IEBS/outputs/daily_plots/2023-12-04_quality_weather.png
2023-12-05,1440,False,True,,c:/Users/zacar/Desktop/Master IEBS DS & Big Data/TFM_IEBS/outputs/daily_plots/2023-12-05_solar_curves.png,c:/Users/zacar/Desktop/Master IEBS DS & Big Data/TFM_IEBS/outputs/daily_plots/2023-12-05_quality_weather.png
2023-12-06,1440,False,True,,c:/Users/zacar/Desktop/Master IEBS DS & Big Data/TFM_IEBS/outputs/daily_plots/2023-12-06_solar_curves.png,c:/Users/zacar/Desktop/Master IEBS DS & Big Data/TFM_IEBS/outputs/daily_plots/2023-12-06_quality_weather.png
2023-12-07,1440,False,True,,c:/Users/zacar/Desktop/Master IEBS DS & Big Data/TFM_IEBS/outputs/daily_plots/2023-12-07_solar_curves.png,c:/Users/zacar/Desktop/Master IEBS DS & Big Data/TFM_IEBS/outputs/daily_plots/2023-12-07_quality_weather.png
2023-12-08,1440,False,True,,c:/Users/zacar/Desktop/Master IEBS DS & Big Data/TFM_IEBS/outputs/daily_plots/2023-12-08_solar_curves.png,c:/Users/zacar/Desktop/Master IEBS DS & Big Data/TFM_IEBS/outputs/daily_plots/2023-12-08_quality_weather.png
2023-12-09,1440,False,True,,c:/Users/zacar/Desktop/Master IEBS DS & Big Data/TFM_IEBS/outputs/daily_plots/2023-12-09_solar_curves.png,c:/Users/zacar/Desktop/Master IEBS DS & Big Data/TFM_IEBS/outputs/daily_plots/2023-12-09_quality_weather.png
2023-12-10,1440,False,True,,c:/Users/zacar/Desktop/Master IEBS DS & Big Data/TFM_IEBS/outputs/daily_plots/2023-12-10_solar_curves.png,c:/Users/zacar/Desktop/Master IEBS DS & Big Data/TFM_IEBS/outputs/daily_plots/2023-12-10_quality_weather.png
2023-12-11,1440,False,True,,c:/Users/zacar/Desktop/Master IEBS DS & Big Data/TFM_IEBS/outputs/daily_plots/2023-12-11_solar_curves.png,c:/Users/zacar/Desktop/Master IEBS DS & Big Data/TFM_IEBS/outputs/daily_plots/2023-12-11_quality_weather.png
2023-12-12,1440,False,True,,c:/Users/zacar/Desktop/Master IEBS DS & Big Data/TFM_IEBS/outputs/daily_plots/2023-12-12_solar_curves.png,c:/Users/zacar/Desktop/Master IEBS DS & Big Data/TFM_IEBS/outputs/daily_plots/2023-12-12_quality_weather.png
2023-12-13,1440,False,True,,c:/Users/zacar/Desktop/Master IEBS DS & Big Data/TFM_IEBS/outputs/daily_plots/2023-12-13_solar_curves.png,c:/Users/zacar/Desktop/Master IEBS DS & Big Data/TFM_IEBS/outputs/daily_plots/2023-12-13_quality_weather.png
2023-12-14,1440,False,True,,c:/Users/zacar/Desktop/Master IEBS DS & Big Data/TFM_IEBS/outputs/daily_plots/2023-12-14_solar_curves.png,c:/Users/zacar/Desktop/Master IEBS DS & Big Data/TFM_IEBS/outputs/daily_plots/2023-12-14_quality_weather.png
2023-12-15,1440,False,True,,c:/Users/zacar/Desktop/Master IEBS DS & Big Data/TFM_IEBS/outputs/daily_plots/2023-12-15_solar_curves.png,c:/Users/zacar/Desktop/Master IEBS DS & Big Data/TFM_IEBS/outputs/daily_plots/2023-12-15_quality_weather.png
2023-12-16,1440,False,True,,c:/Users/zacar/Desktop/Master IEBS DS & Big Data/TFM_IEBS/outputs/daily_plots/2023-12-16_solar_curves.png,c:/Users/zacar/Desktop/Master IEBS DS & Big Data/TFM_IEBS/outputs/daily_plots/2023-12-16_quality_weather.png
2023-12-17,1440,False,True,,c:/Users/zacar/Desktop/Master IEBS DS & Big Data/TFM_IEBS/outputs/daily_plots/2023-12-17_solar_curves.png,c:/Users/zacar/Desktop/Master IEBS DS & Big Data/TFM_IEBS/outputs/daily_plots/2023-12-17_quality_weather.png
2023-12-18,1440,False,True,,c:/Users/zacar/Desktop/Master IEBS DS & Big Data/TFM_IEBS/outputs/daily_plots/2023-12-18_solar_curves.png,c:/Users/zacar/Desktop/Master IEBS DS & Big Data/TFM_IEBS/outputs/daily_plots/2023-12-18_quality_weather.png
2023-12-19,1440,False,True,,c:/Users/zacar/Desktop/Master IEBS DS & Big Data/TFM_IEBS/outputs/daily_plots/2023-12-19_solar_curves.png,c:/Users/zacar/Desktop/Master IEBS DS & Big Data/TFM_IEBS/outputs/daily_plots/2023-12-19_quality_weather.png
2023-12-20,1440,False,True,,c:/Users/zacar/Desktop/Master IEBS DS & Big Data/TFM_IEBS/outputs/daily_plots/2023-12-20_solar_curves.png,c:/Users/zacar/Desktop/Master IEBS DS & Big Data/TFM_IEBS/outputs/daily_plots/2023-12-20_quality_weather.png
2023-12-21,1440,False,True,,c:/Users/zacar/Desktop/Master IEBS DS & Big Data/TFM_IEBS/outputs/daily_plots/2023-12-21_solar_curves.png,c:/Users/zacar/Desktop/Master IEBS DS & Big Data/TFM_IEBS/outputs/daily_plots/2023-12-21_quality_weather.png
2023-12-22,1440,False,True,,c:/Users/zacar/Desktop/Master IEBS DS & Big Data/TFM_IEBS/outputs/daily_plots/2023-12-22_solar_curves.png,c:/Users/zacar/Desktop/Master IEBS DS & Big Data/TFM_IEBS/outputs/daily_plots/2023-12-22_quality_weather.png
2023-12-23,1440,False,True,,c:/Users/zacar/Desktop/Master IEBS DS & Big Data/TFM_IEBS/outputs/daily_plots/2023-12-23_solar_curves.png,c:/Users/zacar/Desktop/Master IEBS DS & Big Data/TFM_IEBS/outputs/daily_plots/2023-12-23_quality_weather.png
2023-12-24,1440,False,True,,c:/Users/zacar/Desktop/Master IEBS DS & Big Data/TFM_IEBS/outputs/daily_plots/2023-12-24_solar_curves.png,c:/Users/zacar/Desktop/Master IEBS DS & Big Data/TFM_IEBS/outputs/daily_plots/2023-12-24_quality_weather.png
2023-12-25,1440,False,True,,c:/Users/zacar/Desktop/Master IEBS DS & Big Data/TFM_IEBS/outputs/daily_plots/2023-12-25_solar_curves.png,c:/Users/zacar/Desktop/Master IEBS DS & Big Data/TFM_IEBS/outputs/daily_plots/2023-12-25_quality_weather.png
2023-12-26,1440,False,True,,c:/Users/zacar/Desktop/Master IEBS DS & Big Data/TFM_IEBS/outputs/daily_plots/2023-12-26_solar_curves.png,c:/Users/zacar/Desktop/Master IEBS DS & Big Data/TFM_IEBS/outputs/daily_plots/2023-12-26_quality_weather.png
2023-12-27,1440,False,True,,c:/Users/zacar/Desktop/Master IEBS DS & Big Data/TFM_IEBS/outputs/daily_plots/2023-12-27_solar_curves.png,c:/Users/zacar/Desktop/Master IEBS DS & Big Data/TFM_IEBS/outputs/daily_plots/2023-12-27_quality_weather.png
2023-12-28,1440,False,True,,c:/Users/zacar/Desktop/Master IEBS DS & Big Data/TFM_IEBS/outputs/daily_plots/2023-12-28_solar_curves.png,c:/Users/zacar/Desktop/Master IEBS DS & Big Data/TFM_IEBS/outputs/daily_plots/2023-12-28_quality_weather.png
2023-12-29,1440,False,True,,c:/Users/zacar/Desktop/Master IEBS DS & Big Data/TFM_IEBS/outputs/daily_plots/2023-12-29_solar_curves.png,c:/Users/zacar/Desktop/Master IEBS DS & Big Data/TFM_IEBS/outputs/daily_plots/2023-12-29_quality_weather.png
2023-12-30,1440,False,True,,c:/Users/zacar/Desktop/Master IEBS DS & Big Data/TFM_IEBS/outputs/daily_plots/2023-12-30_solar_curves.png,c:/Users/zacar/Desktop/Master IEBS DS & Big Data/TFM_IEBS/outputs/daily_plots/2023-12-30_quality_weather.png
2023-12-31,1440,False,True,,c:/Users/zacar/Desktop/Master IEBS DS & Big Data/TFM_IEBS/outputs/daily_plots/2023-12-31_solar_curves.png,c:/Users/zacar/Desktop/Master IEBS DS & Big Data/TFM_IEBS/outputs/daily_plots/2023-12-31_quality_weather.png
2024-01-01,1440,False,True,,c:/Users/zacar/Desktop/Master IEBS DS & Big Data/TFM_IEBS/outputs/daily_plots/2024-01-01_solar_curves.png,c:/Users/zacar/Desktop/Master IEBS DS & Big Data/TFM_IEBS/outputs/daily_plots/2024-01-01_quality_weather.png
2024-01-02,1440,False,True,,c:/Users/zacar/Desktop/Master IEBS DS & Big Data/TFM_IEBS/outputs/daily_plots/2024-01-02_solar_curves.png,c:/Users/zacar/Desktop/Master IEBS DS & Big Data/TFM_IEBS/outputs/daily_plots/2024-01-02_quality_weather.png
2024-01-03,1440,False,True,,c:/Users/zacar/Desktop/Master IEBS DS & Big Data/TFM_IEBS/outputs/daily_plots/2024-01-03_solar_curves.png,c:/Users/zacar/Desktop/Master IEBS DS & Big Data/TFM_IEBS/outputs/daily_plots/2024-01-03_quality_weather.png
2024-01-04,1440,False,True,,c:/Users/zacar/Desktop/Master IEBS DS & Big Data/TFM_IEBS/outputs/daily_plots/2024-01-04_solar_curves.png,c:/Users/zacar/Desktop/Master IEBS DS & Big Data/TFM_IEBS/outputs/daily_plots/2024-01-04_quality_weather.png
2024-01-05,1440,False,True,,c:/Users/zacar/Desktop/Master IEBS DS & Big Data/TFM_IEBS/outputs/daily_plots/2024-01-05_solar_curves.png,c:/Users/zacar/Desktop/Master IEBS DS & Big Data/TFM_IEBS/outputs/daily_plots/2024-01-05_quality_weather.png
2024-01-06,1440,False,True,,c:/Users/zacar/Desktop/Master IEBS DS & Big Data/TFM_IEBS/outputs/daily_plots/2024-01-06_solar_curves.png,c:/Users/zacar/Desktop/Master IEBS DS & Big Data/TFM_IEBS/outputs/daily_plots/2024-01-06_quality_weather.png
2024-01-07,1440,False,True,,c:/Users/zacar/Desktop/Master IEBS DS & Big Data/TFM_IEBS/outputs/daily_plots/2024-01-07_solar_curves.png,c:/Users/zacar/Desktop/Master IEBS DS & Big Data/TFM_IEBS/outputs/daily_plots/2024-01-07_quality_weather.png
2024-01-08,1440,False,True,,c:/Users/zacar/Desktop/Master IEBS DS & Big Data/TFM_IEBS/outputs/daily_plots/2024-01-08_solar_curves.png,c:/Users/zacar/Desktop/Master IEBS DS & Big Data/TFM_IEBS/outputs/daily_plots/2024-01-08_quality_weather.png
2024-01-09,1440,False,True,,c:/Users/zacar/Desktop/Master IEBS DS & Big Data/TFM_IEBS/outputs/daily_plots/2024-01-09_solar_curves.png,c:/Users/zacar/Desktop/Master IEBS DS & Big Data/TFM_IEBS/outputs/daily_plots/2024-01-09_quality_weather.png
2024-01-10,1440,False,True,,c:/Users/zacar/Desktop/Master IEBS DS & Big Data/TFM_IEBS/outputs/daily_plots/2024-01-10_solar_curves.png,c:/Users/zacar/Desktop/Master IEBS DS & Big Data/TFM_IEBS/outputs/daily_plots/2024-01-10_quality_weather.png
2024-01-11,1440,False,True,,c:/Users/zacar/Desktop/Master IEBS DS & Big Data/TFM_IEBS/outputs/daily_plots/2024-01-11_solar_curves.png,c:/Users/zacar/Desktop/Master IEBS DS & Big Data/TFM_IEBS/outputs/daily_plots/2024-01-11_quality_weather.png
2024-01-12,1440,False,True,,c:/Users/zacar/Desktop/Master IEBS DS & Big Data/TFM_IEBS/outputs/daily_plots/2024-01-12_solar_curves.png,c:/Users/zacar/Desktop/Master IEBS DS & Big Data/TFM_IEBS/outputs/daily_plots/2024-01-12_quality_weather.png
2024-01-13,1440,False,True,,c:/Users/zacar/Desktop/Master IEBS DS & Big Data/TFM_IEBS/outputs/daily_plots/2024-01-13_solar_curves.png,c:/Users/zacar/Desktop/Master IEBS DS & Big Data/TFM_IEBS/outputs/daily_plots/2024-01-13_quality_weather.png
2024-01-14,1440,False,True,,c:/Users/zacar/Desktop/Master IEBS DS & Big Data/TFM_IEBS/outputs/daily_plots/2024-01-14_solar_curves.png,c:/Users/zacar/Desktop/Master IEBS DS & Big Data/TFM_IEBS/outputs/daily_plots/2024-01-14_quality_weather.png
2024-01-15,1440,False,True,,c:/Users/zacar/Desktop/Master IEBS DS & Big Data/TFM_IEBS/outputs/daily_plots/2024-01-15_solar_curves.png,c:/Users/zacar/Desktop/Master IEBS DS & Big Data/TFM_IEBS/outputs/daily_plots/2024-01-15_quality_weather.png
2024-01-16,1440,False,True,,c:/Users/zacar/Desktop/Master IEBS DS & Big Data/TFM_IEBS/outputs/daily_plots/2024-01-16_solar_curves.png,c:/Users/zacar/Desktop/Master IEBS DS & Big Data/TFM_IEBS/outputs/daily_plots/2024-01-16_quality_weather.png
2024-01-17,1440,False,True,,c:/Users/zacar/Desktop/Master IEBS DS & Big Data/TFM_IEBS/outputs/daily_plots/2024-01-17_solar_curves.png,c:/Users/zacar/Desktop/Master IEBS DS & Big Data/TFM_IEBS/outputs/daily_plots/2024-01-17_quality_weather.png
2024-01-18,1440,False,True,,c:/Users/zacar/Desktop/Master IEBS DS & Big Data/TFM_IEBS/outputs/daily_plots/2024-01-18_solar_curves.png,c:/Users/zacar/Desktop/Master IEBS DS & Big Data/TFM_IEBS/outputs/daily_plots/2024-01-18_quality_weather.png
2024-01-19,1440,False,True,,c:/Users/zacar/Desktop/Master IEBS DS & Big Data/TFM_IEBS/outputs/daily_plots/2024-01-19_solar_curves.png,c:/Users/zacar/Desktop/Master IEBS DS & Big Data/TFM_IEBS/outputs/daily_plots/2024-01-19_quality_weather.png
2024-01-20,1440,False,True,,c:/Users/zacar/Desktop/Master IEBS DS & Big Data/TFM_IEBS/outputs/daily_plots/2024-01-20_solar_curves.png,c:/Users/zacar/Desktop/Master IEBS DS & Big Data/TFM_IEBS/outputs/daily_plots/2024-01-20_quality_weather.png
2024-01-21,1440,False,True,,c:/Users/zacar/Desktop/Master IEBS DS & Big Data/TFM_IEBS/outputs/daily_plots/2024-01-21_solar_curves.png,c:/Users/zacar/Desktop/Master IEBS DS & Big Data/TFM_IEBS/outputs/daily_plots/2024-01-21_quality_weather.png
2024-01-22,1440,False,True,,c:/Users/zacar/Desktop/Master IEBS DS & Big Data/TFM_IEBS/outputs/daily_plots/2024-01-22_solar_curves.png,c:/Users/zacar/Desktop/Master IEBS DS & Big Data/TFM_IEBS/outputs/daily_plots/2024-01-22_quality_weather.png
2024-01-23,1440,False,True,,c:/Users/zacar/Desktop/Master IEBS DS & Big Data/TFM_IEBS/outputs/daily_plots/2024-01-23_solar_curves.png,c:/Users/zacar/Desktop/Master IEBS DS & Big Data/TFM_IEBS/outputs/daily_plots/2024-01-23_quality_weather.png
2024-01-24,1440,False,True,,c:/Users/zacar/Desktop/Master IEBS DS & Big Data/TFM_IEBS/outputs/daily_plots/2024-01-24_solar_curves.png,c:/Users/zacar/Desktop/Master IEBS DS & Big Data/TFM_IEBS/outputs/daily_plots/2024-01-24_quality_weather.png
2024-01-25,1440,False,True,,c:/Users/zacar/Desktop/Master IEBS DS & Big Data/TFM_IEBS/outputs/daily_plots/2024-01-25_solar_curves.png,c:/Users/zacar/Desktop/Master IEBS DS & Big Data/TFM_IEBS/outputs/daily_plots/2024-01-25_quality_weather.png
2024-01-26,1440,False,True,,c:/Users/zacar/Desktop/Master IEBS DS & Big Data/TFM_IEBS/outputs/daily_plots/2024-01-26_solar_curves.png,c:/Users/zacar/Desktop/Master IEBS DS & Big Data/TFM_IEBS/outputs/daily_plots/2024-01-26_quality_weather.png
2024-01-27,1440,False,True,,c:/Users/zacar/Desktop/Master IEBS DS & Big Data/TFM_IEBS/outputs/daily_plots/2024-01-27_solar_curves.png,c:/Users/zacar/Desktop/Master IEBS DS & Big Data/TFM_IEBS/outputs/daily_plots/2024-01-27_quality_weather.png
2024-01-28,1440,False,True,,c:/Users/zacar/Desktop/Master IEBS DS & Big Data/TFM_IEBS/outputs/daily_plots/2024-01-28_solar_curves.png,c:/Users/zacar/Desktop/Master IEBS DS & Big Data/TFM_IEBS/outputs/daily_plots/2024-01-28_quality_weather.png
2024-01-29,1440,False,True,,c:/Users/zacar/Desktop/Master IEBS DS & Big Data/TFM_IEBS/outputs/daily_plots/2024-01-29_solar_curves.png,c:/Users/zacar/Desktop/Master IEBS DS & Big Data/TFM_IEBS/outputs/daily_plots/2024-01-29_quality_weather.png
2024-01-30,1440,False,True,,c:/Users/zacar/Desktop/Master IEBS DS & Big Data/TFM_IEBS/outputs/daily_plots/2024-01-30_solar_curves.png,c:/Users/zacar/Desktop/Master IEBS DS & Big Data/TFM_IEBS/outputs/daily_plots/2024-01-30_quality_weather.png
2024-01-31,1440,False,True,,c:/Users/zacar/Desktop/Master IEBS DS & Big Data/TFM_IEBS/outputs/daily_plots/2024-01-31_solar_curves.png,c:/Users/zacar/Desktop/Master IEBS DS & Big Data/TFM_IEBS/outputs/daily_plots/2024-01-31_quality_weather.png
2024-02-01,1440,False,True,,c:/Users/zacar/Desktop/Master IEBS DS & Big Data/TFM_IEBS/outputs/daily_plots/2024-02-01_solar_curves.png,c:/Users/zacar/Desktop/Master IEBS DS & Big Data/TFM_IEBS/outputs/daily_plots/2024-02-01_quality_weather.png
2024-02-02,1440,False,True,,c:/Users/zacar/Desktop/Master IEBS DS & Big Data/TFM_IEBS/outputs/daily_plots/2024-02-02_solar_curves.png,c:/Users/zacar/Desktop/Master IEBS DS & Big Data/TFM_IEBS/outputs/daily_plots/2024-02-02_quality_weather.png
2024-02-03,1440,False,True,,c:/Users/zacar/Desktop/Master IEBS DS & Big Data/TFM_IEBS/outputs/daily_plots/2024-02-03_solar_curves.png,c:/Users/zacar/Desktop/Master IEBS DS & Big Data/TFM_IEBS/outputs/daily_plots/2024-02-03_quality_weather.png
2024-02-04,1440,False,True,,c:/Users/zacar/Desktop/Master IEBS DS & Big Data/TFM_IEBS/outputs/daily_plots/2024-02-04_solar_curves.png,c:/Users/zacar/Desktop/Master IEBS DS & Big Data/TFM_IEBS/outputs/daily_plots/2024-02-04_quality_weather.png
2024-02-05,1440,False,True,,c:/Users/zacar/Desktop/Master IEBS DS & Big Data/TFM_IEBS/outputs/daily_plots/2024-02-05_solar_curves.png,c:/Users/zacar/Desktop/Master IEBS DS & Big Data/TFM_IEBS/outputs/daily_plots/2024-02-05_quality_weather.png
2024-02-06,1440,False,True,,c:/Users/zacar/Desktop/Master IEBS DS & Big Data/TFM_IEBS/outputs/daily_plots/2024-02-06_solar_curves.png,c:/Users/zacar/Desktop/Master IEBS DS & Big Data/TFM_IEBS/outputs/daily_plots/2024-02-06_quality_weather.png
2024-02-07,1440,False,True,,c:/Users/zacar/Desktop/Master IEBS DS & Big Data/TFM_IEBS/outputs/daily_plots/2024-02-07_solar_curves.png,c:/Users/zacar/Desktop/Master IEBS DS & Big Data/TFM_IEBS/outputs/daily_plots/2024-02-07_quality_weather.png
2024-02-08,1440,False,True,,c:/Users/zacar/Desktop/Master IEBS DS & Big Data/TFM_IEBS/outputs/daily_plots/2024-02-08_solar_curves.png,c:/Users/zacar/Desktop/Master IEBS DS & Big Data/TFM_IEBS/outputs/daily_plots/2024-02-08_quality_weather.png
2024-02-09,1440,False,True,,c:/Users/zacar/Desktop/Master IEBS DS & Big Data/TFM_IEBS/outputs/daily_plots/2024-02-09_solar_curves.png,c:/Users/zacar/Desktop/Master IEBS DS & Big Data/TFM_IEBS/outputs/daily_plots/2024-02-09_quality_weather.png
2024-02-10,1440,False,True,,c:/Users/zacar/Desktop/Master IEBS DS & Big Data/TFM_IEBS/outputs/daily_plots/2024-02-10_solar_curves.png,c:/Users/zacar/Desktop/Master IEBS DS & Big Data/TFM_IEBS/outputs/daily_plots/2024-02-10_quality_weather.png
2024-02-11,1440,False,True,,c:/Users/zacar/Desktop/Master IEBS DS & Big Data/TFM_IEBS/outputs/daily_plots/2024-02-11_solar_curves.png,c:/Users/zacar/Desktop/Master IEBS DS & Big Data/TFM_IEBS/outputs/daily_plots/2024-02-11_quality_weather.png
2024-02-12,1440,False,True,,c:/Users/zacar/Desktop/Master IEBS DS & Big Data/TFM_IEBS/outputs/daily_plots/2024-02-12_solar_curves.png,c:/Users/zacar/Desktop/Master IEBS DS & Big Data/TFM_IEBS/outputs/daily_plots/2024-02-12_quality_weather.png
2024-02-13,1440,False,True,,c:/Users/zacar/Desktop/Master IEBS DS & Big Data/TFM_IEBS/outputs/daily_plots/2024-02-13_solar_curves.png,c:/Users/zacar/Desktop/Master IEBS DS & Big Data/TFM_IEBS/outputs/daily_plots/2024-02-13_quality_weather.png
2024-02-14,1440,False,True,,c:/Users/zacar/Desktop/Master IEBS DS & Big Data/TFM_IEBS/outputs/daily_plots/2024-02-14_solar_curves.png,c:/Users/zacar/Desktop/Master IEBS DS & Big Data/TFM_IEBS/outputs/daily_plots/2024-02-14_quality_weather.png
2024-02-15,1440,False,True,,c:/Users/zacar/Desktop/Master IEBS DS & Big Data/TFM_IEBS/outputs/daily_plots/2024-02-15_solar_curves.png,c:/Users/zacar/Desktop/Master IEBS DS & Big Data/TFM_IEBS/outputs/daily_plots/2024-02-15_quality_weather.png
2024-02-16,1440,False,True,,c:/Users/zacar/Desktop/Master IEBS DS & Big Data/TFM_IEBS/outputs/daily_plots/2024-02-16_solar_curves.png,c:/Users/zacar/Desktop/Master IEBS DS & Big Data/TFM_IEBS/outputs/daily_plots/2024-02-16_quality_weather.png
2024-02-17,1440,False,True,,c:/Users/zacar/Desktop/Master IEBS DS & Big Data/TFM_IEBS/outputs/daily_plots/2024-02-17_solar_curves.png,c:/Users/zacar/Desktop/Master IEBS DS & Big Data/TFM_IEBS/outputs/daily_plots/2024-02-17_quality_weather.png
2024-02-18,1440,False,True,,c:/Users/zacar/Desktop/Master IEBS DS & Big Data/TFM_IEBS/outputs/daily_plots/2024-02-18_solar_curves.png,c:/Users/zacar/Desktop/Master IEBS DS & Big Data/TFM_IEBS/outputs/daily_plots/2024-02-18_quality_weather.png
2024-02-19,1440,False,True,,c:/Users/zacar/Desktop/Master IEBS DS & Big Data/TFM_IEBS/outputs/daily_plots/2024-02-19_solar_curves.png,c:/Users/zacar/Desktop/Master IEBS DS & Big Data/TFM_IEBS/outputs/daily_plots/2024-02-19_quality_weather.png
2024-02-20,1440,False,True,,c:/Users/zacar/Desktop/Master IEBS DS & Big Data/TFM_IEBS/outputs/daily_plots/2024-02-20_solar_curves.png,c:/Users/zacar/Desktop/Master IEBS DS & Big Data/TFM_IEBS/outputs/daily_plots/2024-02-20_quality_weather.png
2024-02-21,1440,False,True,,c:/Users/zacar/Desktop/Master IEBS DS & Big Data/TFM_IEBS/outputs/daily_plots/2024-02-21_solar_curves.png,c:/Users/zacar/Desktop/Master IEBS DS & Big Data/TFM_IEBS/outputs/daily_plots/2024-02-21_quality_weather.png
2024-02-22,1440,False,True,,c:/Users/zacar/Desktop/Master IEBS DS & Big Data/TFM_IEBS/outputs/daily_plots/2024-02-22_solar_curves.png,c:/Users/zacar/Desktop/Master IEBS DS & Big Data/TFM_IEBS/outputs/daily_plots/2024-02-22_quality_weather.png
2024-02-23,1440,False,True,,c:/Users/zacar/Desktop/Master IEBS DS & Big Data/TFM_IEBS/outputs/daily_plots/2024-02-23_solar_curves.png,c:/Users/zacar/Desktop/Master IEBS DS & Big Data/TFM_IEBS/outputs/daily_plots/2024-02-23_quality_weather.png
2024-02-24,1440,True,False,6a6990abb791d0daa5e1de7c,c:/Users/zacar/Desktop/Master IEBS DS & Big Data/TFM_IEBS/outputs/daily_plots/2024-02-24_solar_curves.png,c:/Users/zacar/Desktop/Master IEBS DS & Big Data/TFM_IEBS/outputs/daily_plots/2024-02-24_quality_weather.png
2024-02-25,1440,True,False,6a6990adb791d0daa5e1de7d,c:/Users/zacar/Desktop/Master IEBS DS & Big Data/TFM_IEBS/outputs/daily_plots/2024-02-25_solar_curves.png,c:/Users/zacar/Desktop/Master IEBS DS & Big Data/TFM_IEBS/outputs/daily_plots/2024-02-25_quality_weather.png
2024-02-26,1440,True,False,6a6990b0b791d0daa5e1de7e,c:/Users/zacar/Desktop/Master IEBS DS & Big Data/TFM_IEBS/outputs/daily_plots/2024-02-26_solar_curves.png,c:/Users/zacar/Desktop/Master IEBS DS & Big Data/TFM_IEBS/outputs/daily_plots/2024-02-26_quality_weather.png
2024-02-27,1440,False,True,,c:/Users/zacar/Desktop/Master IEBS DS & Big Data/TFM_IEBS/outputs/daily_plots/2024-02-27_solar_curves.png,c:/Users/zacar/Desktop/Master IEBS DS & Big Data/TFM_IEBS/outputs/daily_plots/2024-02-27_quality_weather.png
2024-02-28,1440,False,True,,c:/Users/zacar/Desktop/Master IEBS DS & Big Data/TFM_IEBS/outputs/daily_plots/2024-02-28_solar_curves.png,c:/Users/zacar/Desktop/Master IEBS DS & Big Data/TFM_IEBS/outputs/daily_plots/2024-02-28_quality_weather.png
2024-02-29,1440,False,True,,c:/Users/zacar/Desktop/Master IEBS DS & Big Data/TFM_IEBS/outputs/daily_plots/2024-02-29_solar_curves.png,c:/Users/zacar/Desktop/Master IEBS DS & Big Data/TFM_IEBS/outputs/daily_plots/2024-02-29_quality_weather.png
2024-03-01,1440,False,True,,c:/Users/zacar/Desktop/Master IEBS DS & Big Data/TFM_IEBS/outputs/daily_plots/2024-03-01_solar_curves.png,c:/Users/zacar/Desktop/Master IEBS DS & Big Data/TFM_IEBS/outputs/daily_plots/2024-03-01_quality_weather.png
2024-03-02,1440,False,True,,c:/Users/zacar/Desktop/Master IEBS DS & Big Data/TFM_IEBS/outputs/daily_plots/2024-03-02_solar_curves.png,c:/Users/zacar/Desktop/Master IEBS DS & Big Data/TFM_IEBS/outputs/daily_plots/2024-03-02_quality_weather.png
2024-03-03,1440,False,True,,c:/Users/zacar/Desktop/Master IEBS DS & Big Data/TFM_IEBS/outputs/daily_plots/2024-03-03_solar_curves.png,c:/Users/zacar/Desktop/Master IEBS DS & Big Data/TFM_IEBS/outputs/daily_plots/2024-03-03_quality_weather.png
2024-03-04,1440,False,True,,c:/Users/zacar/Desktop/Master IEBS DS & Big Data/TFM_IEBS/outputs/daily_plots/2024-03-04_solar_curves.png,c:/Users/zacar/Desktop/Master IEBS DS & Big Data/TFM_IEBS/outputs/daily_plots/2024-03-04_quality_weather.png
2024-03-05,1440,False,True,,c:/Users/zacar/Desktop/Master IEBS DS & Big Data/TFM_IEBS/outputs/daily_plots/2024-03-05_solar_curves.png,c:/Users/zacar/Desktop/Master IEBS DS & Big Data/TFM_IEBS/outputs/daily_plots/2024-03-05_quality_weather.png
2024-03-06,1440,False,True,,c:/Users/zacar/Desktop/Master IEBS DS & Big Data/TFM_IEBS/outputs/daily_plots/2024-03-06_solar_curves.png,c:/Users/zacar/Desktop/Master IEBS DS & Big Data/TFM_IEBS/outputs/daily_plots/2024-03-06_quality_weather.png
2024-03-07,1440,False,True,,c:/Users/zacar/Desktop/Master IEBS DS & Big Data/TFM_IEBS/outputs/daily_plots/2024-03-07_solar_curves.png,c:/Users/zacar/Desktop/Master IEBS DS & Big Data/TFM_IEBS/outputs/daily_plots/2024-03-07_quality_weather.png
2024-03-08,1440,False,True,,c:/Users/zacar/Desktop/Master IEBS DS & Big Data/TFM_IEBS/outputs/daily_plots/2024-03-08_solar_curves.png,c:/Users/zacar/Desktop/Master IEBS DS & Big Data/TFM_IEBS/outputs/daily_plots/2024-03-08_quality_weather.png
2024-03-09,1440,False,True,,c:/Users/zacar/Desktop/Master IEBS DS & Big Data/TFM_IEBS/outputs/daily_plots/2024-03-09_solar_curves.png,c:/Users/zacar/Desktop/Master IEBS DS & Big Data/TFM_IEBS/outputs/daily_plots/2024-03-09_quality_weather.png
2024-03-10,1440,False,True,,c:/Users/zacar/Desktop/Master IEBS DS & Big Data/TFM_IEBS/outputs/daily_plots/2024-03-10_solar_curves.png,c:/Users/zacar/Desktop/Master IEBS DS & Big Data/TFM_IEBS/outputs/daily_plots/2024-03-10_quality_weather.png
2024-03-11,1440,False,True,,c:/Users/zacar/Desktop/Master IEBS DS & Big Data/TFM_IEBS/outputs/daily_plots/2024-03-11_solar_curves.png,c:/Users/zacar/Desktop/Master IEBS DS & Big Data/TFM_IEBS/outputs/daily_plots/2024-03-11_quality_weather.png
2024-03-12,1440,False,True,,c:/Users/zacar/Desktop/Master IEBS DS & Big Data/TFM_IEBS/outputs/daily_plots/2024-03-12_solar_curves.png,c:/Users/zacar/Desktop/Master IEBS DS & Big Data/TFM_IEBS/outputs/daily_plots/2024-03-12_quality_weather.png
2024-03-13,1440,False,True,,c:/Users/zacar/Desktop/Master IEBS DS & Big Data/TFM_IEBS/outputs/daily_plots/2024-03-13_solar_curves.png,c:/Users/zacar/Desktop/Master IEBS DS & Big Data/TFM_IEBS/outputs/daily_plots/2024-03-13_quality_weather.png
2024-03-14,1440,True,False,6a6990d8b791d0daa5e1de7f,c:/Users/zacar/Desktop/Master IEBS DS & Big Data/TFM_IEBS/outputs/daily_plots/2024-03-14_solar_curves.png,c:/Users/zacar/Desktop/Master IEBS DS & Big Data/TFM_IEBS/outputs/daily_plots/2024-03-14_quality_weather.png
2024-03-15,1440,True,False,6a6990dbb791d0daa5e1de80,c:/Users/zacar/Desktop/Master IEBS DS & Big Data/TFM_IEBS/outputs/daily_plots/2024-03-15_solar_curves.png,c:/Users/zacar/Desktop/Master IEBS DS & Big Data/TFM_IEBS/outputs/daily_plots/2024-03-15_quality_weather.png
2024-03-16,1440,True,False,6a6990deb791d0daa5e1de81,c:/Users/zacar/Desktop/Master IEBS DS & Big Data/TFM_IEBS/outputs/daily_plots/2024-03-16_solar_curves.png,c:/Users/zacar/Desktop/Master IEBS DS & Big Data/TFM_IEBS/outputs/daily_plots/2024-03-16_quality_weather.png
2024-03-17,1440,True,False,6a6990e1b791d0daa5e1de82,c:/Users/zacar/Desktop/Master IEBS DS & Big Data/TFM_IEBS/outputs/daily_plots/2024-03-17_solar_curves.png,c:/Users/zacar/Desktop/Master IEBS DS & Big Data/TFM_IEBS/outputs/daily_plots/2024-03-17_quality_weather.png
2024-03-18,1440,True,False,6a6990e4b791d0daa5e1de83,c:/Users/zacar/Desktop/Master IEBS DS & Big Data/TFM_IEBS/outputs/daily_plots/2024-03-18_solar_curves.png,c:/Users/zacar/Desktop/Master IEBS DS & Big Data/TFM_IEBS/outputs/daily_plots/2024-03-18_quality_weather.png
2024-03-19,1440,True,False,6a6990e7b791d0daa5e1de84,c:/Users/zacar/Desktop/Master IEBS DS & Big Data/TFM_IEBS/outputs/daily_plots/2024-03-19_solar_curves.png,c:/Users/zacar/Desktop/Master IEBS DS & Big Data/TFM_IEBS/outputs/daily_plots/2024-03-19_quality_weather.png
2024-03-20,1440,True,False,6a6990e9b791d0daa5e1de85,c:/Users/zacar/Desktop/Master IEBS DS & Big Data/TFM_IEBS/outputs/daily_plots/2024-03-20_solar_curves.png,c:/Users/zacar/Desktop/Master IEBS DS & Big Data/TFM_IEBS/outputs/daily_plots/2024-03-20_quality_weather.png
2024-03-21,1440,True,False,6a6990ecb791d0daa5e1de86,c:/Users/zacar/Desktop/Master IEBS DS & Big Data/TFM_IEBS/outputs/daily_plots/2024-03-21_solar_curves.png,c:/Users/zacar/Desktop/Master IEBS DS & Big Data/TFM_IEBS/outputs/daily_plots/2024-03-21_quality_weather.png
2024-03-22,1440,False,True,,c:/Users/zacar/Desktop/Master IEBS DS & Big Data/TFM_IEBS/outputs/daily_plots/2024-03-22_solar_curves.png,c:/Users/zacar/Desktop/Master IEBS DS & Big Data/TFM_IEBS/outputs/daily_plots/2024-03-22_quality_weather.png
2024-03-23,1440,True,False,6a6990f3b791d0daa5e1de87,c:/Users/zacar/Desktop/Master IEBS DS & Big Data/TFM_IEBS/outputs/daily_plots/2024-03-23_solar_curves.png,c:/Users/zacar/Desktop/Master IEBS DS & Big Data/TFM_IEBS/outputs/daily_plots/2024-03-23_quality_weather.png
2024-03-24,1440,True,False,6a6990f6b791d0daa5e1de88,c:/Users/zacar/Desktop/Master IEBS DS & Big Data/TFM_IEBS/outputs/daily_plots/2024-03-24_solar_curves.png,c:/Users/zacar/Desktop/Master IEBS DS & Big Data/TFM_IEBS/outputs/daily_plots/2024-03-24_quality_weather.png
2024-03-25,1440,True,False,6a6990fab791d0daa5e1de89,c:/Users/zacar/Desktop/Master IEBS DS & Big Data/TFM_IEBS/outputs/daily_plots/2024-03-25_solar_curves.png,c:/Users/zacar/Desktop/Master IEBS DS & Big Data/TFM_IEBS/outputs/daily_plots/2024-03-25_quality_weather.png
2024-03-26,1440,False,True,,c:/Users/zacar/Desktop/Master IEBS DS & Big Data/TFM_IEBS/outputs/daily_plots/2024-03-26_solar_curves.png,c:/Users/zacar/Desktop/Master IEBS DS & Big Data/TFM_IEBS/outputs/daily_plots/2024-03-26_quality_weather.png
2024-03-27,1440,False,True,,c:/Users/zacar/Desktop/Master IEBS DS & Big Data/TFM_IEBS/outputs/daily_plots/2024-03-27_solar_curves.png,c:/Users/zacar/Desktop/Master IEBS DS & Big Data/TFM_IEBS/outputs/daily_plots/2024-03-27_quality_weather.png
2024-03-28,1440,False,True,,c:/Users/zacar/Desktop/Master IEBS DS & Big Data/TFM_IEBS/outputs/daily_plots/2024-03-28_solar_curves.png,c:/Users/zacar/Desktop/Master IEBS DS & Big Data/TFM_IEBS/outputs/daily_plots/2024-03-28_quality_weather.png
2024-03-29,1440,False,True,,c:/Users/zacar/Desktop/Master IEBS DS & Big Data/TFM_IEBS/outputs/daily_plots/2024-03-29_solar_curves.png,c:/Users/zacar/Desktop/Master IEBS DS & Big Data/TFM_IEBS/outputs/daily_plots/2024-03-29_quality_weather.png
2024-03-30,1440,False,True,,c:/Users/zacar/Desktop/Master IEBS DS & Big Data/TFM_IEBS/outputs/daily_plots/2024-03-30_solar_curves.png,c:/Users/zacar/Desktop/Master IEBS DS & Big Data/TFM_IEBS/outputs/daily_plots/2024-03-30_quality_weather.png
2024-03-31,1440,False,True,,c:/Users/zacar/Desktop/Master IEBS DS & Big Data/TFM_IEBS/outputs/daily_plots/2024-03-31_solar_curves.png,c:/Users/zacar/Desktop/Master IEBS DS & Big Data/TFM_IEBS/outputs/daily_plots/2024-03-31_quality_weather.png
2024-04-01,1440,False,True,,c:/Users/zacar/Desktop/Master IEBS DS & Big Data/TFM_IEBS/outputs/daily_plots/2024-04-01_solar_curves.png,c:/Users/zacar/Desktop/Master IEBS DS & Big Data/TFM_IEBS/outputs/daily_plots/2024-04-01_quality_weather.png
2024-04-02,1440,False,True,,c:/Users/zacar/Desktop/Master IEBS DS & Big Data/TFM_IEBS/outputs/daily_plots/2024-04-02_solar_curves.png,c:/Users/zacar/Desktop/Master IEBS DS & Big Data/TFM_IEBS/outputs/daily_plots/2024-04-02_quality_weather.png
2024-04-03,1440,False,True,,c:/Users/zacar/Desktop/Master IEBS DS & Big Data/TFM_IEBS/outputs/daily_plots/2024-04-03_solar_curves.png,c:/Users/zacar/Desktop/Master IEBS DS & Big Data/TFM_IEBS/outputs/daily_plots/2024-04-03_quality_weather.png
2024-04-04,1440,False,True,,c:/Users/zacar/Desktop/Master IEBS DS & Big Data/TFM_IEBS/outputs/daily_plots/2024-04-04_solar_curves.png,c:/Users/zacar/Desktop/Master IEBS DS & Big Data/TFM_IEBS/outputs/daily_plots/2024-04-04_quality_weather.png
2024-04-05,1440,True,False,6a699123b791d0daa5e1de8a,c:/Users/zacar/Desktop/Master IEBS DS & Big Data/TFM_IEBS/outputs/daily_plots/2024-04-05_solar_curves.png,c:/Users/zacar/Desktop/Master IEBS DS & Big Data/TFM_IEBS/outputs/daily_plots/2024-04-05_quality_weather.png
2024-04-06,1440,False,True,,c:/Users/zacar/Desktop/Master IEBS DS & Big Data/TFM_IEBS/outputs/daily_plots/2024-04-06_solar_curves.png,c:/Users/zacar/Desktop/Master IEBS DS & Big Data/TFM_IEBS/outputs/daily_plots/2024-04-06_quality_weather.png
2024-04-07,1440,False,True,,c:/Users/zacar/Desktop/Master IEBS DS & Big Data/TFM_IEBS/outputs/daily_plots/2024-04-07_solar_curves.png,c:/Users/zacar/Desktop/Master IEBS DS & Big Data/TFM_IEBS/outputs/daily_plots/2024-04-07_quality_weather.png
2024-04-08,1440,False,True,,c:/Users/zacar/Desktop/Master IEBS DS & Big Data/TFM_IEBS/outputs/daily_plots/2024-04-08_solar_curves.png,c:/Users/zacar/Desktop/Master IEBS DS & Big Data/TFM_IEBS/outputs/daily_plots/2024-04-08_quality_weather.png
2024-04-09,1440,False,True,,c:/Users/zacar/Desktop/Master IEBS DS & Big Data/TFM_IEBS/outputs/daily_plots/2024-04-09_solar_curves.png,c:/Users/zacar/Desktop/Master IEBS DS & Big Data/TFM_IEBS/outputs/daily_plots/2024-04-09_quality_weather.png
2024-04-10,1440,False,True,,c:/Users/zacar/Desktop/Master IEBS DS & Big Data/TFM_IEBS/outputs/daily_plots/2024-04-10_solar_curves.png,c:/Users/zacar/Desktop/Master IEBS DS & Big Data/TFM_IEBS/outputs/daily_plots/2024-04-10_quality_weather.png
2024-04-11,1440,False,True,,c:/Users/zacar/Desktop/Master IEBS DS & Big Data/TFM_IEBS/outputs/daily_plots/2024-04-11_solar_curves.png,c:/Users/zacar/Desktop/Master IEBS DS & Big Data/TFM_IEBS/outputs/daily_plots/2024-04-11_quality_weather.png
2024-04-12,1440,False,True,,c:/Users/zacar/Desktop/Master IEBS DS & Big Data/TFM_IEBS/outputs/daily_plots/2024-04-12_solar_curves.png,c:/Users/zacar/Desktop/Master IEBS DS & Big Data/TFM_IEBS/outputs/daily_plots/2024-04-12_quality_weather.png
2024-04-13,1440,False,True,,c:/Users/zacar/Desktop/Master IEBS DS & Big Data/TFM_IEBS/outputs/daily_plots/2024-04-13_solar_curves.png,c:/Users/zacar/Desktop/Master IEBS DS & Big Data/TFM_IEBS/outputs/daily_plots/2024-04-13_quality_weather.png
2024-04-14,1440,False,True,,c:/Users/zacar/Desktop/Master IEBS DS & Big Data/TFM_IEBS/outputs/daily_plots/2024-04-14_solar_curves.png,c:/Users/zacar/Desktop/Master IEBS DS & Big Data/TFM_IEBS/outputs/daily_plots/2024-04-14_quality_weather.png
2024-04-15,1440,False,True,,c:/Users/zacar/Desktop/Master IEBS DS & Big Data/TFM_IEBS/outputs/daily_plots/2024-04-15_solar_curves.png,c:/Users/zacar/Desktop/Master IEBS DS & Big Data/TFM_IEBS/outputs/daily_plots/2024-04-15_quality_weather.png
2024-04-16,1440,False,True,,c:/Users/zacar/Desktop/Master IEBS DS & Big Data/TFM_IEBS/outputs/daily_plots/2024-04-16_solar_curves.png,c:/Users/zacar/Desktop/Master IEBS DS & Big Data/TFM_IEBS/outputs/daily_plots/2024-04-16_quality_weather.png
2024-04-17,1440,False,True,,c:/Users/zacar/Desktop/Master IEBS DS & Big Data/TFM_IEBS/outputs/daily_plots/2024-04-17_solar_curves.png,c:/Users/zacar/Desktop/Master IEBS DS & Big Data/TFM_IEBS/outputs/daily_plots/2024-04-17_quality_weather.png
2024-04-18,1440,False,True,,c:/Users/zacar/Desktop/Master IEBS DS & Big Data/TFM_IEBS/outputs/daily_plots/2024-04-18_solar_curves.png,c:/Users/zacar/Desktop/Master IEBS DS & Big Data/TFM_IEBS/outputs/daily_plots/2024-04-18_quality_weather.png
2024-04-19,1440,False,True,,c:/Users/zacar/Desktop/Master IEBS DS & Big Data/TFM_IEBS/outputs/daily_plots/2024-04-19_solar_curves.png,c:/Users/zacar/Desktop/Master IEBS DS & Big Data/TFM_IEBS/outputs/daily_plots/2024-04-19_quality_weather.png
2024-04-20,1440,False,True,,c:/Users/zacar/Desktop/Master IEBS DS & Big Data/TFM_IEBS/outputs/daily_plots/2024-04-20_solar_curves.png,c:/Users/zacar/Desktop/Master IEBS DS & Big Data/TFM_IEBS/outputs/daily_plots/2024-04-20_quality_weather.png
2024-04-21,1440,False,True,,c:/Users/zacar/Desktop/Master IEBS DS & Big Data/TFM_IEBS/outputs/daily_plots/2024-04-21_solar_curves.png,c:/Users/zacar/Desktop/Master IEBS DS & Big Data/TFM_IEBS/outputs/daily_plots/2024-04-21_quality_weather.png
2024-04-22,1440,False,True,,c:/Users/zacar/Desktop/Master IEBS DS & Big Data/TFM_IEBS/outputs/daily_plots/2024-04-22_solar_curves.png,c:/Users/zacar/Desktop/Master IEBS DS & Big Data/TFM_IEBS/outputs/daily_plots/2024-04-22_quality_weather.png
2024-04-23,1440,False,True,,c:/Users/zacar/Desktop/Master IEBS DS & Big Data/TFM_IEBS/outputs/daily_plots/2024-04-23_solar_curves.png,c:/Users/zacar/Desktop/Master IEBS DS & Big Data/TFM_IEBS/outputs/daily_plots/2024-04-23_quality_weather.png
2024-04-24,1440,False,True,,c:/Users/zacar/Desktop/Master IEBS DS & Big Data/TFM_IEBS/outputs/daily_plots/2024-04-24_solar_curves.png,c:/Users/zacar/Desktop/Master IEBS DS & Big Data/TFM_IEBS/outputs/daily_plots/2024-04-24_quality_weather.png
2024-04-25,1440,False,True,,c:/Users/zacar/Desktop/Master IEBS DS & Big Data/TFM_IEBS/outputs/daily_plots/2024-04-25_solar_curves.png,c:/Users/zacar/Desktop/Master IEBS DS & Big Data/TFM_IEBS/outputs/daily_plots/2024-04-25_quality_weather.png
2024-04-26,1440,False,True,,c:/Users/zacar/Desktop/Master IEBS DS & Big Data/TFM_IEBS/outputs/daily_plots/2024-04-26_solar_curves.png,c:/Users/zacar/Desktop/Master IEBS DS & Big Data/TFM_IEBS/outputs/daily_plots/2024-04-26_quality_weather.png
2024-04-27,1440,False,True,,c:/Users/zacar/Desktop/Master IEBS DS & Big Data/TFM_IEBS/outputs/daily_plots/2024-04-27_solar_curves.png,c:/Users/zacar/Desktop/Master IEBS DS & Big Data/TFM_IEBS/outputs/daily_plots/2024-04-27_quality_weather.png
2024-04-28,1440,False,True,,c:/Users/zacar/Desktop/Master IEBS DS & Big Data/TFM_IEBS/outputs/daily_plots/2024-04-28_solar_curves.png,c:/Users/zacar/Desktop/Master IEBS DS & Big Data/TFM_IEBS/outputs/daily_plots/2024-04-28_quality_weather.png
2024-04-29,1440,False,True,,c:/Users/zacar/Desktop/Master IEBS DS & Big Data/TFM_IEBS/outputs/daily_plots/2024-04-29_solar_curves.png,c:/Users/zacar/Desktop/Master IEBS DS & Big Data/TFM_IEBS/outputs/daily_plots/2024-04-29_quality_weather.png
2024-04-30,1440,False,True,,c:/Users/zacar/Desktop/Master IEBS DS & Big Data/TFM_IEBS/outputs/daily_plots/2024-04-30_solar_curves.png,c:/Users/zacar/Desktop/Master IEBS DS & Big Data/TFM_IEBS/outputs/daily_plots/2024-04-30_quality_weather.png
2024-05-01,1440,False,True,,c:/Users/zacar/Desktop/Master IEBS DS & Big Data/TFM_IEBS/outputs/daily_plots/2024-05-01_solar_curves.png,c:/Users/zacar/Desktop/Master IEBS DS & Big Data/TFM_IEBS/outputs/daily_plots/2024-05-01_quality_weather.png
2024-05-02,1440,False,True,,c:/Users/zacar/Desktop/Master IEBS DS & Big Data/TFM_IEBS/outputs/daily_plots/2024-05-02_solar_curves.png,c:/Users/zacar/Desktop/Master IEBS DS & Big Data/TFM_IEBS/outputs/daily_plots/2024-05-02_quality_weather.png
2024-05-03,1440,False,True,,c:/Users/zacar/Desktop/Master IEBS DS & Big Data/TFM_IEBS/outputs/daily_plots/2024-05-03_solar_curves.png,c:/Users/zacar/Desktop/Master IEBS DS & Big Data/TFM_IEBS/outputs/daily_plots/2024-05-03_quality_weather.png
2024-05-04,1440,False,True,,c:/Users/zacar/Desktop/Master IEBS DS & Big Data/TFM_IEBS/outputs/daily_plots/2024-05-04_solar_curves.png,c:/Users/zacar/Desktop/Master IEBS DS & Big Data/TFM_IEBS/outputs/daily_plots/2024-05-04_quality_weather.png
2024-05-05,1440,False,True,,c:/Users/zacar/Desktop/Master IEBS DS & Big Data/TFM_IEBS/outputs/daily_plots/2024-05-05_solar_curves.png,c:/Users/zacar/Desktop/Master IEBS DS & Big Data/TFM_IEBS/outputs/daily_plots/2024-05-05_quality_weather.png
2024-05-06,1440,False,True,,c:/Users/zacar/Desktop/Master IEBS DS & Big Data/TFM_IEBS/outputs/daily_plots/2024-05-06_solar_curves.png,c:/Users/zacar/Desktop/Master IEBS DS & Big Data/TFM_IEBS/outputs/daily_plots/2024-05-06_quality_weather.png
2024-05-07,1440,False,True,,c:/Users/zacar/Desktop/Master IEBS DS & Big Data/TFM_IEBS/outputs/daily_plots/2024-05-07_solar_curves.png,c:/Users/zacar/Desktop/Master IEBS DS & Big Data/TFM_IEBS/outputs/daily_plots/2024-05-07_quality_weather.png
2024-05-08,1440,False,True,,c:/Users/zacar/Desktop/Master IEBS DS & Big Data/TFM_IEBS/outputs/daily_plots/2024-05-08_solar_curves.png,c:/Users/zacar/Desktop/Master IEBS DS & Big Data/TFM_IEBS/outputs/daily_plots/2024-05-08_quality_weather.png
2024-05-09,1440,False,True,,c:/Users/zacar/Desktop/Master IEBS DS & Big Data/TFM_IEBS/outputs/daily_plots/2024-05-09_solar_curves.png,c:/Users/zacar/Desktop/Master IEBS DS & Big Data/TFM_IEBS/outputs/daily_plots/2024-05-09_quality_weather.png
2024-05-10,1440,False,True,,c:/Users/zacar/Desktop/Master IEBS DS & Big Data/TFM_IEBS/outputs/daily_plots/2024-05-10_solar_curves.png,c:/Users/zacar/Desktop/Master IEBS DS & Big Data/TFM_IEBS/outputs/daily_plots/2024-05-10_quality_weather.png
2024-05-11,1440,False,True,,c:/Users/zacar/Desktop/Master IEBS DS & Big Data/TFM_IEBS/outputs/daily_plots/2024-05-11_solar_curves.png,c:/Users/zacar/Desktop/Master IEBS DS & Big Data/TFM_IEBS/outputs/daily_plots/2024-05-11_quality_weather.png
2024-05-12,1440,False,True,,c:/Users/zacar/Desktop/Master IEBS DS & Big Data/TFM_IEBS/outputs/daily_plots/2024-05-12_solar_curves.png,c:/Users/zacar/Desktop/Master IEBS DS & Big Data/TFM_IEBS/outputs/daily_plots/2024-05-12_quality_weather.png
2024-05-13,1440,False,True,,c:/Users/zacar/Desktop/Master IEBS DS & Big Data/TFM_IEBS/outputs/daily_plots/2024-05-13_solar_curves.png,c:/Users/zacar/Desktop/Master IEBS DS & Big Data/TFM_IEBS/outputs/daily_plots/2024-05-13_quality_weather.png
2024-05-14,1440,False,True,,c:/Users/zacar/Desktop/Master IEBS DS & Big Data/TFM_IEBS/outputs/daily_plots/2024-05-14_solar_curves.png,c:/Users/zacar/Desktop/Master IEBS DS & Big Data/TFM_IEBS/outputs/daily_plots/2024-05-14_quality_weather.png
2024-05-15,1440,False,True,,c:/Users/zacar/Desktop/Master IEBS DS & Big Data/TFM_IEBS/outputs/daily_plots/2024-05-15_solar_curves.png,c:/Users/zacar/Desktop/Master IEBS DS & Big Data/TFM_IEBS/outputs/daily_plots/2024-05-15_quality_weather.png
2024-05-16,1440,False,True,,c:/Users/zacar/Desktop/Master IEBS DS & Big Data/TFM_IEBS/outputs/daily_plots/2024-05-16_solar_curves.png,c:/Users/zacar/Desktop/Master IEBS DS & Big Data/TFM_IEBS/outputs/daily_plots/2024-05-16_quality_weather.png
2024-05-17,1440,False,True,,c:/Users/zacar/Desktop/Master IEBS DS & Big Data/TFM_IEBS/outputs/daily_plots/2024-05-17_solar_curves.png,c:/Users/zacar/Desktop/Master IEBS DS & Big Data/TFM_IEBS/outputs/daily_plots/2024-05-17_quality_weather.png
2024-05-18,1440,False,True,,c:/Users/zacar/Desktop/Master IEBS DS & Big Data/TFM_IEBS/outputs/daily_plots/2024-05-18_solar_curves.png,c:/Users/zacar/Desktop/Master IEBS DS & Big Data/TFM_IEBS/outputs/daily_plots/2024-05-18_quality_weather.png
2024-05-19,1440,False,True,,c:/Users/zacar/Desktop/Master IEBS DS & Big Data/TFM_IEBS/outputs/daily_plots/2024-05-19_solar_curves.png,c:/Users/zacar/Desktop/Master IEBS DS & Big Data/TFM_IEBS/outputs/daily_plots/2024-05-19_quality_weather.png
2024-05-20,1440,False,True,,c:/Users/zacar/Desktop/Master IEBS DS & Big Data/TFM_IEBS/outputs/daily_plots/2024-05-20_solar_curves.png,c:/Users/zacar/Desktop/Master IEBS DS & Big Data/TFM_IEBS/outputs/daily_plots/2024-05-20_quality_weather.png
2024-05-21,1440,False,True,,c:/Users/zacar/Desktop/Master IEBS DS & Big Data/TFM_IEBS/outputs/daily_plots/2024-05-21_solar_curves.png,c:/Users/zacar/Desktop/Master IEBS DS & Big Data/TFM_IEBS/outputs/daily_plots/2024-05-21_quality_weather.png
2024-05-22,1440,False,True,,c:/Users/zacar/Desktop/Master IEBS DS & Big Data/TFM_IEBS/outputs/daily_plots/2024-05-22_solar_curves.png,c:/Users/zacar/Desktop/Master IEBS DS & Big Data/TFM_IEBS/outputs/daily_plots/2024-05-22_quality_weather.png
2024-05-23,1440,False,True,,c:/Users/zacar/Desktop/Master IEBS DS & Big Data/TFM_IEBS/outputs/daily_plots/2024-05-23_solar_curves.png,c:/Users/zacar/Desktop/Master IEBS DS & Big Data/TFM_IEBS/outputs/daily_plots/2024-05-23_quality_weather.png
2024-05-24,1440,False,True,,c:/Users/zacar/Desktop/Master IEBS DS & Big Data/TFM_IEBS/outputs/daily_plots/2024-05-24_solar_curves.png,c:/Users/zacar/Desktop/Master IEBS DS & Big Data/TFM_IEBS/outputs/daily_plots/2024-05-24_quality_weather.png
2024-05-25,1440,False,True,,c:/Users/zacar/Desktop/Master IEBS DS & Big Data/TFM_IEBS/outputs/daily_plots/2024-05-25_solar_curves.png,c:/Users/zacar/Desktop/Master IEBS DS & Big Data/TFM_IEBS/outputs/daily_plots/2024-05-25_quality_weather.png
2024-05-26,1440,False,True,,c:/Users/zacar/Desktop/Master IEBS DS & Big Data/TFM_IEBS/outputs/daily_plots/2024-05-26_solar_curves.png,c:/Users/zacar/Desktop/Master IEBS DS & Big Data/TFM_IEBS/outputs/daily_plots/2024-05-26_quality_weather.png
2024-05-27,1440,False,True,,c:/Users/zacar/Desktop/Master IEBS DS & Big Data/TFM_IEBS/outputs/daily_plots/2024-05-27_solar_curves.png,c:/Users/zacar/Desktop/Master IEBS DS & Big Data/TFM_IEBS/outputs/daily_plots/2024-05-27_quality_weather.png
2024-05-28,1440,False,True,,c:/Users/zacar/Desktop/Master IEBS DS & Big Data/TFM_IEBS/outputs/daily_plots/2024-05-28_solar_curves.png,c:/Users/zacar/Desktop/Master IEBS DS & Big Data/TFM_IEBS/outputs/daily_plots/2024-05-28_quality_weather.png
2024-05-29,1440,False,True,,c:/Users/zacar/Desktop/Master IEBS DS & Big Data/TFM_IEBS/outputs/daily_plots/2024-05-29_solar_curves.png,c:/Users/zacar/Desktop/Master IEBS DS & Big Data/TFM_IEBS/outputs/daily_plots/2024-05-29_quality_weather.png
2024-05-30,1440,False,True,,c:/Users/zacar/Desktop/Master IEBS DS & Big Data/TFM_IEBS/outputs/daily_plots/2024-05-30_solar_curves.png,c:/Users/zacar/Desktop/Master IEBS DS & Big Data/TFM_IEBS/outputs/daily_plots/2024-05-30_quality_weather.png
2024-05-31,1440,False,True,,c:/Users/zacar/Desktop/Master IEBS DS & Big Data/TFM_IEBS/outputs/daily_plots/2024-05-31_solar_curves.png,c:/Users/zacar/Desktop/Master IEBS DS & Big Data/TFM_IEBS/outputs/daily_plots/2024-05-31_quality_weather.png
2024-06-01,1440,False,True,,c:/Users/zacar/Desktop/Master IEBS DS & Big Data/TFM_IEBS/outputs/daily_plots/2024-06-01_solar_curves.png,c:/Users/zacar/Desktop/Master IEBS DS & Big Data/TFM_IEBS/outputs/daily_plots/2024-06-01_quality_weather.png
2024-06-02,1440,False,True,,c:/Users/zacar/Desktop/Master IEBS DS & Big Data/TFM_IEBS/outputs/daily_plots/2024-06-02_solar_curves.png,c:/Users/zacar/Desktop/Master IEBS DS & Big Data/TFM_IEBS/outputs/daily_plots/2024-06-02_quality_weather.png
2024-06-03,1440,False,True,,c:/Users/zacar/Desktop/Master IEBS DS & Big Data/TFM_IEBS/outputs/daily_plots/2024-06-03_solar_curves.png,c:/Users/zacar/Desktop/Master IEBS DS & Big Data/TFM_IEBS/outputs/daily_plots/2024-06-03_quality_weather.png
2024-06-04,1440,False,True,,c:/Users/zacar/Desktop/Master IEBS DS & Big Data/TFM_IEBS/outputs/daily_plots/2024-06-04_solar_curves.png,c:/Users/zacar/Desktop/Master IEBS DS & Big Data/TFM_IEBS/outputs/daily_plots/2024-06-04_quality_weather.png
2024-06-05,1440,False,True,,c:/Users/zacar/Desktop/Master IEBS DS & Big Data/TFM_IEBS/outputs/daily_plots/2024-06-05_solar_curves.png,c:/Users/zacar/Desktop/Master IEBS DS & Big Data/TFM_IEBS/outputs/daily_plots/2024-06-05_quality_weather.png
2024-06-06,1440,False,True,,c:/Users/zacar/Desktop/Master IEBS DS & Big Data/TFM_IEBS/outputs/daily_plots/2024-06-06_solar_curves.png,c:/Users/zacar/Desktop/Master IEBS DS & Big Data/TFM_IEBS/outputs/daily_plots/2024-06-06_quality_weather.png
2024-06-07,1440,False,True,,c:/Users/zacar/Desktop/Master IEBS DS & Big Data/TFM_IEBS/outputs/daily_plots/2024-06-07_solar_curves.png,c:/Users/zacar/Desktop/Master IEBS DS & Big Data/TFM_IEBS/outputs/daily_plots/2024-06-07_quality_weather.png
2024-06-08,1440,False,True,,c:/Users/zacar/Desktop/Master IEBS DS & Big Data/TFM_IEBS/outputs/daily_plots/2024-06-08_solar_curves.png,c:/Users/zacar/Desktop/Master IEBS DS & Big Data/TFM_IEBS/outputs/daily_plots/2024-06-08_quality_weather.png
2024-06-09,1440,False,True,,c:/Users/zacar/Desktop/Master IEBS DS & Big Data/TFM_IEBS/outputs/daily_plots/2024-06-09_solar_curves.png,c:/Users/zacar/Desktop/Master IEBS DS & Big Data/TFM_IEBS/outputs/daily_plots/2024-06-09_quality_weather.png
2024-06-10,1440,False,True,,c:/Users/zacar/Desktop/Master IEBS DS & Big Data/TFM_IEBS/outputs/daily_plots/2024-06-10_solar_curves.png,c:/Users/zacar/Desktop/Master IEBS DS & Big Data/TFM_IEBS/outputs/daily_plots/2024-06-10_quality_weather.png
2024-06-11,1440,False,True,,c:/Users/zacar/Desktop/Master IEBS DS & Big Data/TFM_IEBS/outputs/daily_plots/2024-06-11_solar_curves.png,c:/Users/zacar/Desktop/Master IEBS DS & Big Data/TFM_IEBS/outputs/daily_plots/2024-06-11_quality_weather.png
2024-06-12,1440,False,True,,c:/Users/zacar/Desktop/Master IEBS DS & Big Data/TFM_IEBS/outputs/daily_plots/2024-06-12_solar_curves.png,c:/Users/zacar/Desktop/Master IEBS DS & Big Data/TFM_IEBS/outputs/daily_plots/2024-06-12_quality_weather.png
2024-06-13,1440,False,True,,c:/Users/zacar/Desktop/Master IEBS DS & Big Data/TFM_IEBS/outputs/daily_plots/2024-06-13_solar_curves.png,c:/Users/zacar/Desktop/Master IEBS DS & Big Data/TFM_IEBS/outputs/daily_plots/2024-06-13_quality_weather.png
2024-06-14,1440,False,True,,c:/Users/zacar/Desktop/Master IEBS DS & Big Data/TFM_IEBS/outputs/daily_plots/2024-06-14_solar_curves.png,c:/Users/zacar/Desktop/Master IEBS DS & Big Data/TFM_IEBS/outputs/daily_plots/2024-06-14_quality_weather.png
2024-06-15,1440,False,True,,c:/Users/zacar/Desktop/Master IEBS DS & Big Data/TFM_IEBS/outputs/daily_plots/2024-06-15_solar_curves.png,c:/Users/zacar/Desktop/Master IEBS DS & Big Data/TFM_IEBS/outputs/daily_plots/2024-06-15_quality_weather.png
2024-06-16,1440,False,True,,c:/Users/zacar/Desktop/Master IEBS DS & Big Data/TFM_IEBS/outputs/daily_plots/2024-06-16_solar_curves.png,c:/Users/zacar/Desktop/Master IEBS DS & Big Data/TFM_IEBS/outputs/daily_plots/2024-06-16_quality_weather.png
2024-06-17,1440,False,True,,c:/Users/zacar/Desktop/Master IEBS DS & Big Data/TFM_IEBS/outputs/daily_plots/2024-06-17_solar_curves.png,c:/Users/zacar/Desktop/Master IEBS DS & Big Data/TFM_IEBS/outputs/daily_plots/2024-06-17_quality_weather.png
2024-06-18,1440,False,True,,c:/Users/zacar/Desktop/Master IEBS DS & Big Data/TFM_IEBS/outputs/daily_plots/2024-06-18_solar_curves.png,c:/Users/zacar/Desktop/Master IEBS DS & Big Data/TFM_IEBS/outputs/daily_plots/2024-06-18_quality_weather.png
2024-06-19,1440,False,True,,c:/Users/zacar/Desktop/Master IEBS DS & Big Data/TFM_IEBS/outputs/daily_plots/2024-06-19_solar_curves.png,c:/Users/zacar/Desktop/Master IEBS DS & Big Data/TFM_IEBS/outputs/daily_plots/2024-06-19_quality_weather.png
2024-06-20,1440,False,True,,c:/Users/zacar/Desktop/Master IEBS DS & Big Data/TFM_IEBS/outputs/daily_plots/2024-06-20_solar_curves.png,c:/Users/zacar/Desktop/Master IEBS DS & Big Data/TFM_IEBS/outputs/daily_plots/2024-06-20_quality_weather.png
2024-06-21,1440,False,True,,c:/Users/zacar/Desktop/Master IEBS DS & Big Data/TFM_IEBS/outputs/daily_plots/2024-06-21_solar_curves.png,c:/Users/zacar/Desktop/Master IEBS DS & Big Data/TFM_IEBS/outputs/daily_plots/2024-06-21_quality_weather.png
2024-06-22,1440,False,True,,c:/Users/zacar/Desktop/Master IEBS DS & Big Data/TFM_IEBS/outputs/daily_plots/2024-06-22_solar_curves.png,c:/Users/zacar/Desktop/Master IEBS DS & Big Data/TFM_IEBS/outputs/daily_plots/2024-06-22_quality_weather.png
2024-06-23,1440,False,True,,c:/Users/zacar/Desktop/Master IEBS DS & Big Data/TFM_IEBS/outputs/daily_plots/2024-06-23_solar_curves.png,c:/Users/zacar/Desktop/Master IEBS DS & Big Data/TFM_IEBS/outputs/daily_plots/2024-06-23_quality_weather.png
2024-06-24,1440,False,True,,c:/Users/zacar/Desktop/Master IEBS DS & Big Data/TFM_IEBS/outputs/daily_plots/2024-06-24_solar_curves.png,c:/Users/zacar/Desktop/Master IEBS DS & Big Data/TFM_IEBS/outputs/daily_plots/2024-06-24_quality_weather.png
2024-06-25,1440,False,True,,c:/Users/zacar/Desktop/Master IEBS DS & Big Data/TFM_IEBS/outputs/daily_plots/2024-06-25_solar_curves.png,c:/Users/zacar/Desktop/Master IEBS DS & Big Data/TFM_IEBS/outputs/daily_plots/2024-06-25_quality_weather.png
2024-06-26,1440,False,True,,c:/Users/zacar/Desktop/Master IEBS DS & Big Data/TFM_IEBS/outputs/daily_plots/2024-06-26_solar_curves.png,c:/Users/zacar/Desktop/Master IEBS DS & Big Data/TFM_IEBS/outputs/daily_plots/2024-06-26_quality_weather.png
2024-06-27,1440,False,True,,c:/Users/zacar/Desktop/Master IEBS DS & Big Data/TFM_IEBS/outputs/daily_plots/2024-06-27_solar_curves.png,c:/Users/zacar/Desktop/Master IEBS DS & Big Data/TFM_IEBS/outputs/daily_plots/2024-06-27_quality_weather.png
2024-06-28,1440,False,True,,c:/Users/zacar/Desktop/Master IEBS DS & Big Data/TFM_IEBS/outputs/daily_plots/2024-06-28_solar_curves.png,c:/Users/zacar/Desktop/Master IEBS DS & Big Data/TFM_IEBS/outputs/daily_plots/2024-06-28_quality_weather.png
2024-06-29,1440,False,True,,c:/Users/zacar/Desktop/Master IEBS DS & Big Data/TFM_IEBS/outputs/daily_plots/2024-06-29_solar_curves.png,c:/Users/zacar/Desktop/Master IEBS DS & Big Data/TFM_IEBS/outputs/daily_plots/2024-06-29_quality_weather.png
2024-06-30,1440,False,True,,c:/Users/zacar/Desktop/Master IEBS DS & Big Data/TFM_IEBS/outputs/daily_plots/2024-06-30_solar_curves.png,c:/Users/zacar/Desktop/Master IEBS DS & Big Data/TFM_IEBS/outputs/daily_plots/2024-06-30_quality_weather.png
2024-07-01,1440,False,True,,c:/Users/zacar/Desktop/Master IEBS DS & Big Data/TFM_IEBS/outputs/daily_plots/2024-07-01_solar_curves.png,c:/Users/zacar/Desktop/Master IEBS DS & Big Data/TFM_IEBS/outputs/daily_plots/2024-07-01_quality_weather.png
2024-07-02,1440,False,True,,c:/Users/zacar/Desktop/Master IEBS DS & Big Data/TFM_IEBS/outputs/daily_plots/2024-07-02_solar_curves.png,c:/Users/zacar/Desktop/Master IEBS DS & Big Data/TFM_IEBS/outputs/daily_plots/2024-07-02_quality_weather.png
2024-07-03,1440,False,True,,c:/Users/zacar/Desktop/Master IEBS DS & Big Data/TFM_IEBS/outputs/daily_plots/2024-07-03_solar_curves.png,c:/Users/zacar/Desktop/Master IEBS DS & Big Data/TFM_IEBS/outputs/daily_plots/2024-07-03_quality_weather.png
2024-07-04,1440,False,True,,c:/Users/zacar/Desktop/Master IEBS DS & Big Data/TFM_IEBS/outputs/daily_plots/2024-07-04_solar_curves.png,c:/Users/zacar/Desktop/Master IEBS DS & Big Data/TFM_IEBS/outputs/daily_plots/2024-07-04_quality_weather.png
2024-07-05,1440,False,True,,c:/Users/zacar/Desktop/Master IEBS DS & Big Data/TFM_IEBS/outputs/daily_plots/2024-07-05_solar_curves.png,c:/Users/zacar/Desktop/Master IEBS DS & Big Data/TFM_IEBS/outputs/daily_plots/2024-07-05_quality_weather.png
2024-07-06,1440,False,True,,c:/Users/zacar/Desktop/Master IEBS DS & Big Data/TFM_IEBS/outputs/daily_plots/2024-07-06_solar_curves.png,c:/Users/zacar/Desktop/Master IEBS DS & Big Data/TFM_IEBS/outputs/daily_plots/2024-07-06_quality_weather.png
2024-07-07,1440,False,True,,c:/Users/zacar/Desktop/Master IEBS DS & Big Data/TFM_IEBS/outputs/daily_plots/2024-07-07_solar_curves.png,c:/Users/zacar/Desktop/Master IEBS DS & Big Data/TFM_IEBS/outputs/daily_plots/2024-07-07_quality_weather.png
2024-07-08,1440,False,True,,c:/Users/zacar/Desktop/Master IEBS DS & Big Data/TFM_IEBS/outputs/daily_plots/2024-07-08_solar_curves.png,c:/Users/zacar/Desktop/Master IEBS DS & Big Data/TFM_IEBS/outputs/daily_plots/2024-07-08_quality_weather.png
2024-07-09,1440,False,True,,c:/Users/zacar/Desktop/Master IEBS DS & Big Data/TFM_IEBS/outputs/daily_plots/2024-07-09_solar_curves.png,c:/Users/zacar/Desktop/Master IEBS DS & Big Data/TFM_IEBS/outputs/daily_plots/2024-07-09_quality_weather.png
2024-07-10,1440,False,True,,c:/Users/zacar/Desktop/Master IEBS DS & Big Data/TFM_IEBS/outputs/daily_plots/2024-07-10_solar_curves.png,c:/Users/zacar/Desktop/Master IEBS DS & Big Data/TFM_IEBS/outputs/daily_plots/2024-07-10_quality_weather.png
2024-07-11,1440,False,True,,c:/Users/zacar/Desktop/Master IEBS DS & Big Data/TFM_IEBS/outputs/daily_plots/2024-07-11_solar_curves.png,c:/Users/zacar/Desktop/Master IEBS DS & Big Data/TFM_IEBS/outputs/daily_plots/2024-07-11_quality_weather.png
2024-07-12,1440,False,True,,c:/Users/zacar/Desktop/Master IEBS DS & Big Data/TFM_IEBS/outputs/daily_plots/2024-07-12_solar_curves.png,c:/Users/zacar/Desktop/Master IEBS DS & Big Data/TFM_IEBS/outputs/daily_plots/2024-07-12_quality_weather.png
2024-07-13,1440,False,True,,c:/Users/zacar/Desktop/Master IEBS DS & Big Data/TFM_IEBS/outputs/daily_plots/2024-07-13_solar_curves.png,c:/Users/zacar/Desktop/Master IEBS DS & Big Data/TFM_IEBS/outputs/daily_plots/2024-07-13_quality_weather.png
2024-07-14,1440,False,True,,c:/Users/zacar/Desktop/Master IEBS DS & Big Data/TFM_IEBS/outputs/daily_plots/2024-07-14_solar_curves.png,c:/Users/zacar/Desktop/Master IEBS DS & Big Data/TFM_IEBS/outputs/daily_plots/2024-07-14_quality_weather.png
2024-07-15,1440,False,True,,c:/Users/zacar/Desktop/Master IEBS DS & Big Data/TFM_IEBS/outputs/daily_plots/2024-07-15_solar_curves.png,c:/Users/zacar/Desktop/Master IEBS DS & Big Data/TFM_IEBS/outputs/daily_plots/2024-07-15_quality_weather.png
2024-07-16,1440,False,True,,c:/Users/zacar/Desktop/Master IEBS DS & Big Data/TFM_IEBS/outputs/daily_plots/2024-07-16_solar_curves.png,c:/Users/zacar/Desktop/Master IEBS DS & Big Data/TFM_IEBS/outputs/daily_plots/2024-07-16_quality_weather.png
2024-07-17,1440,False,True,,c:/Users/zacar/Desktop/Master IEBS DS & Big Data/TFM_IEBS/outputs/daily_plots/2024-07-17_solar_curves.png,c:/Users/zacar/Desktop/Master IEBS DS & Big Data/TFM_IEBS/outputs/daily_plots/2024-07-17_quality_weather.png
2024-07-18,1440,False,True,,c:/Users/zacar/Desktop/Master IEBS DS & Big Data/TFM_IEBS/outputs/daily_plots/2024-07-18_solar_curves.png,c:/Users/zacar/Desktop/Master IEBS DS & Big Data/TFM_IEBS/outputs/daily_plots/2024-07-18_quality_weather.png
2024-07-19,1440,False,True,,c:/Users/zacar/Desktop/Master IEBS DS & Big Data/TFM_IEBS/outputs/daily_plots/2024-07-19_solar_curves.png,c:/Users/zacar/Desktop/Master IEBS DS & Big Data/TFM_IEBS/outputs/daily_plots/2024-07-19_quality_weather.png
2024-07-20,1440,False,True,,c:/Users/zacar/Desktop/Master IEBS DS & Big Data/TFM_IEBS/outputs/daily_plots/2024-07-20_solar_curves.png,c:/Users/zacar/Desktop/Master IEBS DS & Big Data/TFM_IEBS/outputs/daily_plots/2024-07-20_quality_weather.png
2024-07-21,1440,False,True,,c:/Users/zacar/Desktop/Master IEBS DS & Big Data/TFM_IEBS/outputs/daily_plots/2024-07-21_solar_curves.png,c:/Users/zacar/Desktop/Master IEBS DS & Big Data/TFM_IEBS/outputs/daily_plots/2024-07-21_quality_weather.png
2024-07-22,1440,False,True,,c:/Users/zacar/Desktop/Master IEBS DS & Big Data/TFM_IEBS/outputs/daily_plots/2024-07-22_solar_curves.png,c:/Users/zacar/Desktop/Master IEBS DS & Big Data/TFM_IEBS/outputs/daily_plots/2024-07-22_quality_weather.png
2024-07-23,1440,False,True,,c:/Users/zacar/Desktop/Master IEBS DS & Big Data/TFM_IEBS/outputs/daily_plots/2024-07-23_solar_curves.png,c:/Users/zacar/Desktop/Master IEBS DS & Big Data/TFM_IEBS/outputs/daily_plots/2024-07-23_quality_weather.png
2024-07-24,1440,False,True,,c:/Users/zacar/Desktop/Master IEBS DS & Big Data/TFM_IEBS/outputs/daily_plots/2024-07-24_solar_curves.png,c:/Users/zacar/Desktop/Master IEBS DS & Big Data/TFM_IEBS/outputs/daily_plots/2024-07-24_quality_weather.png
2024-07-25,1440,False,True,,c:/Users/zacar/Desktop/Master IEBS DS & Big Data/TFM_IEBS/outputs/daily_plots/2024-07-25_solar_curves.png,c:/Users/zacar/Desktop/Master IEBS DS & Big Data/TFM_IEBS/outputs/daily_plots/2024-07-25_quality_weather.png
2024-07-26,1440,False,True,,c:/Users/zacar/Desktop/Master IEBS DS & Big Data/TFM_IEBS/outputs/daily_plots/2024-07-26_solar_curves.png,c:/Users/zacar/Desktop/Master IEBS DS & Big Data/TFM_IEBS/outputs/daily_plots/2024-07-26_quality_weather.png
2024-07-27,1440,False,True,,c:/Users/zacar/Desktop/Master IEBS DS & Big Data/TFM_IEBS/outputs/daily_plots/2024-07-27_solar_curves.png,c:/Users/zacar/Desktop/Master IEBS DS & Big Data/TFM_IEBS/outputs/daily_plots/2024-07-27_quality_weather.png
2024-07-28,1440,True,False,6a6992c8b791d0daa5e1de91,c:/Users/zacar/Desktop/Master IEBS DS & Big Data/TFM_IEBS/outputs/daily_plots/2024-07-28_solar_curves.png,c:/Users/zacar/Desktop/Master IEBS DS & Big Data/TFM_IEBS/outputs/daily_plots/2024-07-28_quality_weather.png
2024-07-29,1440,True,False,6a6992cbb791d0daa5e1de92,c:/Users/zacar/Desktop/Master IEBS DS & Big Data/TFM_IEBS/outputs/daily_plots/2024-07-29_solar_curves.png,c:/Users/zacar/Desktop/Master IEBS DS & Big Data/TFM_IEBS/outputs/daily_plots/2024-07-29_quality_weather.png
2024-07-30,1440,True,False,6a6992ceb791d0daa5e1de93,c:/Users/zacar/Desktop/Master IEBS DS & Big Data/TFM_IEBS/outputs/daily_plots/2024-07-30_solar_curves.png,c:/Users/zacar/Desktop/Master IEBS DS & Big Data/TFM_IEBS/outputs/daily_plots/2024-07-30_quality_weather.png
2024-07-31,1440,False,True,,c:/Users/zacar/Desktop/Master IEBS DS & Big Data/TFM_IEBS/outputs/daily_plots/2024-07-31_solar_curves.png,c:/Users/zacar/Desktop/Master IEBS DS & Big Data/TFM_IEBS/outputs/daily_plots/2024-07-31_quality_weather.png
2024-08-01,1440,False,True,,c:/Users/zacar/Desktop/Master IEBS DS & Big Data/TFM_IEBS/outputs/daily_plots/2024-08-01_solar_curves.png,c:/Users/zacar/Desktop/Master IEBS DS & Big Data/TFM_IEBS/outputs/daily_plots/2024-08-01_quality_weather.png
2024-08-02,1440,False,True,,c:/Users/zacar/Desktop/Master IEBS DS & Big Data/TFM_IEBS/outputs/daily_plots/2024-08-02_solar_curves.png,c:/Users/zacar/Desktop/Master IEBS DS & Big Data/TFM_IEBS/outputs/daily_plots/2024-08-02_quality_weather.png
2024-08-03,1440,False,True,,c:/Users/zacar/Desktop/Master IEBS DS & Big Data/TFM_IEBS/outputs/daily_plots/2024-08-03_solar_curves.png,c:/Users/zacar/Desktop/Master IEBS DS & Big Data/TFM_IEBS/outputs/daily_plots/2024-08-03_quality_weather.png
2024-08-04,1440,False,True,,c:/Users/zacar/Desktop/Master IEBS DS & Big Data/TFM_IEBS/outputs/daily_plots/2024-08-04_solar_curves.png,c:/Users/zacar/Desktop/Master IEBS DS & Big Data/TFM_IEBS/outputs/daily_plots/2024-08-04_quality_weather.png
2024-08-05,1440,False,True,,c:/Users/zacar/Desktop/Master IEBS DS & Big Data/TFM_IEBS/outputs/daily_plots/2024-08-05_solar_curves.png,c:/Users/zacar/Desktop/Master IEBS DS & Big Data/TFM_IEBS/outputs/daily_plots/2024-08-05_quality_weather.png
2024-08-06,1440,False,True,,c:/Users/zacar/Desktop/Master IEBS DS & Big Data/TFM_IEBS/outputs/daily_plots/2024-08-06_solar_curves.png,c:/Users/zacar/Desktop/Master IEBS DS & Big Data/TFM_IEBS/outputs/daily_plots/2024-08-06_quality_weather.png
2024-08-07,1440,False,True,,c:/Users/zacar/Desktop/Master IEBS DS & Big Data/TFM_IEBS/outputs/daily_plots/2024-08-07_solar_curves.png,c:/Users/zacar/Desktop/Master IEBS DS & Big Data/TFM_IEBS/outputs/daily_plots/2024-08-07_quality_weather.png
2024-08-08,1440,False,True,,c:/Users/zacar/Desktop/Master IEBS DS & Big Data/TFM_IEBS/outputs/daily_plots/2024-08-08_solar_curves.png,c:/Users/zacar/Desktop/Master IEBS DS & Big Data/TFM_IEBS/outputs/daily_plots/2024-08-08_quality_weather.png
2024-08-09,1440,False,True,,c:/Users/zacar/Desktop/Master IEBS DS & Big Data/TFM_IEBS/outputs/daily_plots/2024-08-09_solar_curves.png,c:/Users/zacar/Desktop/Master IEBS DS & Big Data/TFM_IEBS/outputs/daily_plots/2024-08-09_quality_weather.png
2024-08-10,1440,False,True,,c:/Users/zacar/Desktop/Master IEBS DS & Big Data/TFM_IEBS/outputs/daily_plots/2024-08-10_solar_curves.png,c:/Users/zacar/Desktop/Master IEBS DS & Big Data/TFM_IEBS/outputs/daily_plots/2024-08-10_quality_weather.png
2024-08-11,1440,False,True,,c:/Users/zacar/Desktop/Master IEBS DS & Big Data/TFM_IEBS/outputs/daily_plots/2024-08-11_solar_curves.png,c:/Users/zacar/Desktop/Master IEBS DS & Big Data/TFM_IEBS/outputs/daily_plots/2024-08-11_quality_weather.png
2024-08-12,1440,False,True,,c:/Users/zacar/Desktop/Master IEBS DS & Big Data/TFM_IEBS/outputs/daily_plots/2024-08-12_solar_curves.png,c:/Users/zacar/Desktop/Master IEBS DS & Big Data/TFM_IEBS/outputs/daily_plots/2024-08-12_quality_weather.png
2024-08-13,1440,False,True,,c:/Users/zacar/Desktop/Master IEBS DS & Big Data/TFM_IEBS/outputs/daily_plots/2024-08-13_solar_curves.png,c:/Users/zacar/Desktop/Master IEBS DS & Big Data/TFM_IEBS/outputs/daily_plots/2024-08-13_quality_weather.png
2024-08-14,1440,False,True,,c:/Users/zacar/Desktop/Master IEBS DS & Big Data/TFM_IEBS/outputs/daily_plots/2024-08-14_solar_curves.png,c:/Users/zacar/Desktop/Master IEBS DS & Big Data/TFM_IEBS/outputs/daily_plots/2024-08-14_quality_weather.png
2024-08-15,1440,False,True,,c:/Users/zacar/Desktop/Master IEBS DS & Big Data/TFM_IEBS/outputs/daily_plots/2024-08-15_solar_curves.png,c:/Users/zacar/Desktop/Master IEBS DS & Big Data/TFM_IEBS/outputs/daily_plots/2024-08-15_quality_weather.png
2024-08-16,1440,False,True,,c:/Users/zacar/Desktop/Master IEBS DS & Big Data/TFM_IEBS/outputs/daily_plots/2024-08-16_solar_curves.png,c:/Users/zacar/Desktop/Master IEBS DS & Big Data/TFM_IEBS/outputs/daily_plots/2024-08-16_quality_weather.png
2024-08-17,1440,False,True,,c:/Users/zacar/Desktop/Master IEBS DS & Big Data/TFM_IEBS/outputs/daily_plots/2024-08-17_solar_curves.png,c:/Users/zacar/Desktop/Master IEBS DS & Big Data/TFM_IEBS/outputs/daily_plots/2024-08-17_quality_weather.png
2024-08-18,1440,False,True,,c:/Users/zacar/Desktop/Master IEBS DS & Big Data/TFM_IEBS/outputs/daily_plots/2024-08-18_solar_curves.png,c:/Users/zacar/Desktop/Master IEBS DS & Big Data/TFM_IEBS/outputs/daily_plots/2024-08-18_quality_weather.png
2024-08-19,1440,False,True,,c:/Users/zacar/Desktop/Master IEBS DS & Big Data/TFM_IEBS/outputs/daily_plots/2024-08-19_solar_curves.png,c:/Users/zacar/Desktop/Master IEBS DS & Big Data/TFM_IEBS/outputs/daily_plots/2024-08-19_quality_weather.png
2024-08-20,1440,False,True,,c:/Users/zacar/Desktop/Master IEBS DS & Big Data/TFM_IEBS/outputs/daily_plots/2024-08-20_solar_curves.png,c:/Users/zacar/Desktop/Master IEBS DS & Big Data/TFM_IEBS/outputs/daily_plots/2024-08-20_quality_weather.png
2024-08-21,1440,False,True,,c:/Users/zacar/Desktop/Master IEBS DS & Big Data/TFM_IEBS/outputs/daily_plots/2024-08-21_solar_curves.png,c:/Users/zacar/Desktop/Master IEBS DS & Big Data/TFM_IEBS/outputs/daily_plots/2024-08-21_quality_weather.png
2024-08-22,1440,False,True,,c:/Users/zacar/Desktop/Master IEBS DS & Big Data/TFM_IEBS/outputs/daily_plots/2024-08-22_solar_curves.png,c:/Users/zacar/Desktop/Master IEBS DS & Big Data/TFM_IEBS/outputs/daily_plots/2024-08-22_quality_weather.png
2024-08-23,1440,False,True,,c:/Users/zacar/Desktop/Master IEBS DS & Big Data/TFM_IEBS/outputs/daily_plots/2024-08-23_solar_curves.png,c:/Users/zacar/Desktop/Master IEBS DS & Big Data/TFM_IEBS/outputs/daily_plots/2024-08-23_quality_weather.png
2024-08-24,1440,False,True,,c:/Users/zacar/Desktop/Master IEBS DS & Big Data/TFM_IEBS/outputs/daily_plots/2024-08-24_solar_curves.png,c:/Users/zacar/Desktop/Master IEBS DS & Big Data/TFM_IEBS/outputs/daily_plots/2024-08-24_quality_weather.png
2024-08-25,1440,False,True,,c:/Users/zacar/Desktop/Master IEBS DS & Big Data/TFM_IEBS/outputs/daily_plots/2024-08-25_solar_curves.png,c:/Users/zacar/Desktop/Master IEBS DS & Big Data/TFM_IEBS/outputs/daily_plots/2024-08-25_quality_weather.png
2024-08-26,1440,False,True,,c:/Users/zacar/Desktop/Master IEBS DS & Big Data/TFM_IEBS/outputs/daily_plots/2024-08-26_solar_curves.png,c:/Users/zacar/Desktop/Master IEBS DS & Big Data/TFM_IEBS/outputs/daily_plots/2024-08-26_quality_weather.png
2024-08-27,1440,False,True,,c:/Users/zacar/Desktop/Master IEBS DS & Big Data/TFM_IEBS/outputs/daily_plots/2024-08-27_solar_curves.png,c:/Users/zacar/Desktop/Master IEBS DS & Big Data/TFM_IEBS/outputs/daily_plots/2024-08-27_quality_weather.png
2024-08-28,1440,False,True,,c:/Users/zacar/Desktop/Master IEBS DS & Big Data/TFM_IEBS/outputs/daily_plots/2024-08-28_solar_curves.png,c:/Users/zacar/Desktop/Master IEBS DS & Big Data/TFM_IEBS/outputs/daily_plots/2024-08-28_quality_weather.png
2024-08-29,1440,False,True,,c:/Users/zacar/Desktop/Master IEBS DS & Big Data/TFM_IEBS/outputs/daily_plots/2024-08-29_solar_curves.png,c:/Users/zacar/Desktop/Master IEBS DS & Big Data/TFM_IEBS/outputs/daily_plots/2024-08-29_quality_weather.png
2024-08-30,1440,False,True,,c:/Users/zacar/Desktop/Master IEBS DS & Big Data/TFM_IEBS/outputs/daily_plots/2024-08-30_solar_curves.png,c:/Users/zacar/Desktop/Master IEBS DS & Big Data/TFM_IEBS/outputs/daily_plots/2024-08-30_quality_weather.png
2024-08-31,1440,False,True,,c:/Users/zacar/Desktop/Master IEBS DS & Big Data/TFM_IEBS/outputs/daily_plots/2024-08-31_solar_curves.png,c:/Users/zacar/Desktop/Master IEBS DS & Big Data/TFM_IEBS/outputs/daily_plots/2024-08-31_quality_weather.png
2024-09-01,1440,False,True,,c:/Users/zacar/Desktop/Master IEBS DS & Big Data/TFM_IEBS/outputs/daily_plots/2024-09-01_solar_curves.png,c:/Users/zacar/Desktop/Master IEBS DS & Big Data/TFM_IEBS/outputs/daily_plots/2024-09-01_quality_weather.png
2024-09-02,1440,False,True,,c:/Users/zacar/Desktop/Master IEBS DS & Big Data/TFM_IEBS/outputs/daily_plots/2024-09-02_solar_curves.png,c:/Users/zacar/Desktop/Master IEBS DS & Big Data/TFM_IEBS/outputs/daily_plots/2024-09-02_quality_weather.png
2024-09-03,1440,True,False,6a699340b791d0daa5e1de95,c:/Users/zacar/Desktop/Master IEBS DS & Big Data/TFM_IEBS/outputs/daily_plots/2024-09-03_solar_curves.png,c:/Users/zacar/Desktop/Master IEBS DS & Big Data/TFM_IEBS/outputs/daily_plots/2024-09-03_quality_weather.png
2024-09-04,1440,True,False,6a699343b791d0daa5e1de96,c:/Users/zacar/Desktop/Master IEBS DS & Big Data/TFM_IEBS/outputs/daily_plots/2024-09-04_solar_curves.png,c:/Users/zacar/Desktop/Master IEBS DS & Big Data/TFM_IEBS/outputs/daily_plots/2024-09-04_quality_weather.png
2024-09-05,1440,True,False,6a699347b791d0daa5e1de97,c:/Users/zacar/Desktop/Master IEBS DS & Big Data/TFM_IEBS/outputs/daily_plots/2024-09-05_solar_curves.png,c:/Users/zacar/Desktop/Master IEBS DS & Big Data/TFM_IEBS/outputs/daily_plots/2024-09-05_quality_weather.png
2024-09-06,1440,True,False,6a69934bb791d0daa5e1de98,c:/Users/zacar/Desktop/Master IEBS DS & Big Data/TFM_IEBS/outputs/daily_plots/2024-09-06_solar_curves.png,c:/Users/zacar/Desktop/Master IEBS DS & Big Data/TFM_IEBS/outputs/daily_plots/2024-09-06_quality_weather.png
2024-09-07,1440,True,False,6a69934fb791d0daa5e1de99,c:/Users/zacar/Desktop/Master IEBS DS & Big Data/TFM_IEBS/outputs/daily_plots/2024-09-07_solar_curves.png,c:/Users/zacar/Desktop/Master IEBS DS & Big Data/TFM_IEBS/outputs/daily_plots/2024-09-07_quality_weather.png
2024-09-08,1440,True,False,6a699352b791d0daa5e1de9a,c:/Users/zacar/Desktop/Master IEBS DS & Big Data/TFM_IEBS/outputs/daily_plots/2024-09-08_solar_curves.png,c:/Users/zacar/Desktop/Master IEBS DS & Big Data/TFM_IEBS/outputs/daily_plots/2024-09-08_quality_weather.png
2024-09-09,1440,True,False,6a699356b791d0daa5e1de9b,c:/Users/zacar/Desktop/Master IEBS DS & Big Data/TFM_IEBS/outputs/daily_plots/2024-09-09_solar_curves.png,c:/Users/zacar/Desktop/Master IEBS DS & Big Data/TFM_IEBS/outputs/daily_plots/2024-09-09_quality_weather.png
2024-09-10,1440,True,False,6a69935ab791d0daa5e1de9c,c:/Users/zacar/Desktop/Master IEBS DS & Big Data/TFM_IEBS/outputs/daily_plots/2024-09-10_solar_curves.png,c:/Users/zacar/Desktop/Master IEBS DS & Big Data/TFM_IEBS/outputs/daily_plots/2024-09-10_quality_weather.png
2024-09-11,1440,True,False,6a69935db791d0daa5e1de9d,c:/Users/zacar/Desktop/Master IEBS DS & Big Data/TFM_IEBS/outputs/daily_plots/2024-09-11_solar_curves.png,c:/Users/zacar/Desktop/Master IEBS DS & Big Data/TFM_IEBS/outputs/daily_plots/2024-09-11_quality_weather.png
2024-09-12,1440,True,False,6a699361b791d0daa5e1de9e,c:/Users/zacar/Desktop/Master IEBS DS & Big Data/TFM_IEBS/outputs/daily_plots/2024-09-12_solar_curves.png,c:/Users/zacar/Desktop/Master IEBS DS & Big Data/TFM_IEBS/outputs/daily_plots/2024-09-12_quality_weather.png
2024-09-13,1440,True,False,6a699363b791d0daa5e1de9f,c:/Users/zacar/Desktop/Master IEBS DS & Big Data/TFM_IEBS/outputs/daily_plots/2024-09-13_solar_curves.png,c:/Users/zacar/Desktop/Master IEBS DS & Big Data/TFM_IEBS/outputs/daily_plots/2024-09-13_quality_weather.png
2024-09-14,1440,True,False,6a699366b791d0daa5e1dea0,c:/Users/zacar/Desktop/Master IEBS DS & Big Data/TFM_IEBS/outputs/daily_plots/2024-09-14_solar_curves.png,c:/Users/zacar/Desktop/Master IEBS DS & Big Data/TFM_IEBS/outputs/daily_plots/2024-09-14_quality_weather.png
2024-09-15,1440,True,False,6a699369b791d0daa5e1dea1,c:/Users/zacar/Desktop/Master IEBS DS & Big Data/TFM_IEBS/outputs/daily_plots/2024-09-15_solar_curves.png,c:/Users/zacar/Desktop/Master IEBS DS & Big Data/TFM_IEBS/outputs/daily_plots/2024-09-15_quality_weather.png
2024-09-16,1440,True,False,6a69936cb791d0daa5e1dea2,c:/Users/zacar/Desktop/Master IEBS DS & Big Data/TFM_IEBS/outputs/daily_plots/2024-09-16_solar_curves.png,c:/Users/zacar/Desktop/Master IEBS DS & Big Data/TFM_IEBS/outputs/daily_plots/2024-09-16_quality_weather.png
2024-09-17,1440,True,False,6a69936fb791d0daa5e1dea3,c:/Users/zacar/Desktop/Master IEBS DS & Big Data/TFM_IEBS/outputs/daily_plots/2024-09-17_solar_curves.png,c:/Users/zacar/Desktop/Master IEBS DS & Big Data/TFM_IEBS/outputs/daily_plots/2024-09-17_quality_weather.png
2024-09-18,1440,False,True,,c:/Users/zacar/Desktop/Master IEBS DS & Big Data/TFM_IEBS/outputs/daily_plots/2024-09-18_solar_curves.png,c:/Users/zacar/Desktop/Master IEBS DS & Big Data/TFM_IEBS/outputs/daily_plots/2024-09-18_quality_weather.png
2024-09-19,1440,False,True,,c:/Users/zacar/Desktop/Master IEBS DS & Big Data/TFM_IEBS/outputs/daily_plots/2024-09-19_solar_curves.png,c:/Users/zacar/Desktop/Master IEBS DS & Big Data/TFM_IEBS/outputs/daily_plots/2024-09-19_quality_weather.png
2024-09-20,1440,False,True,,c:/Users/zacar/Desktop/Master IEBS DS & Big Data/TFM_IEBS/outputs/daily_plots/2024-09-20_solar_curves.png,c:/Users/zacar/Desktop/Master IEBS DS & Big Data/TFM_IEBS/outputs/daily_plots/2024-09-20_quality_weather.png
2024-09-21,1440,False,True,,c:/Users/zacar/Desktop/Master IEBS DS & Big Data/TFM_IEBS/outputs/daily_plots/2024-09-21_solar_curves.png,c:/Users/zacar/Desktop/Master IEBS DS & Big Data/TFM_IEBS/outputs/daily_plots/2024-09-21_quality_weather.png
2024-09-22,1440,False,True,,c:/Users/zacar/Desktop/Master IEBS DS & Big Data/TFM_IEBS/outputs/daily_plots/2024-09-22_solar_curves.png,c:/Users/zacar/Desktop/Master IEBS DS & Big Data/TFM_IEBS/outputs/daily_plots/2024-09-22_quality_weather.png
2024-09-23,1440,False,True,,c:/Users/zacar/Desktop/Master IEBS DS & Big Data/TFM_IEBS/outputs/daily_plots/2024-09-23_solar_curves.png,c:/Users/zacar/Desktop/Master IEBS DS & Big Data/TFM_IEBS/outputs/daily_plots/2024-09-23_quality_weather.png
2024-09-24,1440,False,True,,c:/Users/zacar/Desktop/Master IEBS DS & Big Data/TFM_IEBS/outputs/daily_plots/2024-09-24_solar_curves.png,c:/Users/zacar/Desktop/Master IEBS DS & Big Data/TFM_IEBS/outputs/daily_plots/2024-09-24_quality_weather.png
2024-09-25,1440,False,True,,c:/Users/zacar/Desktop/Master IEBS DS & Big Data/TFM_IEBS/outputs/daily_plots/2024-09-25_solar_curves.png,c:/Users/zacar/Desktop/Master IEBS DS & Big Data/TFM_IEBS/outputs/daily_plots/2024-09-25_quality_weather.png
2024-09-26,1440,False,True,,c:/Users/zacar/Desktop/Master IEBS DS & Big Data/TFM_IEBS/outputs/daily_plots/2024-09-26_solar_curves.png,c:/Users/zacar/Desktop/Master IEBS DS & Big Data/TFM_IEBS/outputs/daily_plots/2024-09-26_quality_weather.png
2024-09-27,1440,False,True,,c:/Users/zacar/Desktop/Master IEBS DS & Big Data/TFM_IEBS/outputs/daily_plots/2024-09-27_solar_curves.png,c:/Users/zacar/Desktop/Master IEBS DS & Big Data/TFM_IEBS/outputs/daily_plots/2024-09-27_quality_weather.png
2024-09-28,1440,False,True,,c:/Users/zacar/Desktop/Master IEBS DS & Big Data/TFM_IEBS/outputs/daily_plots/2024-09-28_solar_curves.png,c:/Users/zacar/Desktop/Master IEBS DS & Big Data/TFM_IEBS/outputs/daily_plots/2024-09-28_quality_weather.png
2024-09-29,1440,False,True,,c:/Users/zacar/Desktop/Master IEBS DS & Big Data/TFM_IEBS/outputs/daily_plots/2024-09-29_solar_curves.png,c:/Users/zacar/Desktop/Master IEBS DS & Big Data/TFM_IEBS/outputs/daily_plots/2024-09-29_quality_weather.png
2024-09-30,1440,False,True,,c:/Users/zacar/Desktop/Master IEBS DS & Big Data/TFM_IEBS/outputs/daily_plots/2024-09-30_solar_curves.png,c:/Users/zacar/Desktop/Master IEBS DS & Big Data/TFM_IEBS/outputs/daily_plots/2024-09-30_quality_weather.png
2024-10-01,1440,False,True,,c:/Users/zacar/Desktop/Master IEBS DS & Big Data/TFM_IEBS/outputs/daily_plots/2024-10-01_solar_curves.png,c:/Users/zacar/Desktop/Master IEBS DS & Big Data/TFM_IEBS/outputs/daily_plots/2024-10-01_quality_weather.png
2024-10-02,1440,False,True,,c:/Users/zacar/Desktop/Master IEBS DS & Big Data/TFM_IEBS/outputs/daily_plots/2024-10-02_solar_curves.png,c:/Users/zacar/Desktop/Master IEBS DS & Big Data/TFM_IEBS/outputs/daily_plots/2024-10-02_quality_weather.png
2024-10-03,1440,False,True,,c:/Users/zacar/Desktop/Master IEBS DS & Big Data/TFM_IEBS/outputs/daily_plots/2024-10-03_solar_curves.png,c:/Users/zacar/Desktop/Master IEBS DS & Big Data/TFM_IEBS/outputs/daily_plots/2024-10-03_quality_weather.png
2024-10-04,1440,False,True,,c:/Users/zacar/Desktop/Master IEBS DS & Big Data/TFM_IEBS/outputs/daily_plots/2024-10-04_solar_curves.png,c:/Users/zacar/Desktop/Master IEBS DS & Big Data/TFM_IEBS/outputs/daily_plots/2024-10-04_quality_weather.png
2024-10-05,1440,False,True,,c:/Users/zacar/Desktop/Master IEBS DS & Big Data/TFM_IEBS/outputs/daily_plots/2024-10-05_solar_curves.png,c:/Users/zacar/Desktop/Master IEBS DS & Big Data/TFM_IEBS/outputs/daily_plots/2024-10-05_quality_weather.png
2024-10-06,1440,False,True,,c:/Users/zacar/Desktop/Master IEBS DS & Big Data/TFM_IEBS/outputs/daily_plots/2024-10-06_solar_curves.png,c:/Users/zacar/Desktop/Master IEBS DS & Big Data/TFM_IEBS/outputs/daily_plots/2024-10-06_quality_weather.png
2024-10-07,1440,False,True,,c:/Users/zacar/Desktop/Master IEBS DS & Big Data/TFM_IEBS/outputs/daily_plots/2024-10-07_solar_curves.png,c:/Users/zacar/Desktop/Master IEBS DS & Big Data/TFM_IEBS/outputs/daily_plots/2024-10-07_quality_weather.png
2024-10-08,1440,False,True,,c:/Users/zacar/Desktop/Master IEBS DS & Big Data/TFM_IEBS/outputs/daily_plots/2024-10-08_solar_curves.png,c:/Users/zacar/Desktop/Master IEBS DS & Big Data/TFM_IEBS/outputs/daily_plots/2024-10-08_quality_weather.png
2024-10-09,1440,False,True,,c:/Users/zacar/Desktop/Master IEBS DS & Big Data/TFM_IEBS/outputs/daily_plots/2024-10-09_solar_curves.png,c:/Users/zacar/Desktop/Master IEBS DS & Big Data/TFM_IEBS/outputs/daily_plots/2024-10-09_quality_weather.png
2024-10-10,1440,False,True,,c:/Users/zacar/Desktop/Master IEBS DS & Big Data/TFM_IEBS/outputs/daily_plots/2024-10-10_solar_curves.png,c:/Users/zacar/Desktop/Master IEBS DS & Big Data/TFM_IEBS/outputs/daily_plots/2024-10-10_quality_weather.png
2024-10-11,1440,False,True,,c:/Users/zacar/Desktop/Master IEBS DS & Big Data/TFM_IEBS/outputs/daily_plots/2024-10-11_solar_curves.png,c:/Users/zacar/Desktop/Master IEBS DS & Big Data/TFM_IEBS/outputs/daily_plots/2024-10-11_quality_weather.png
2024-10-12,1440,False,True,,c:/Users/zacar/Desktop/Master IEBS DS & Big Data/TFM_IEBS/outputs/daily_plots/2024-10-12_solar_curves.png,c:/Users/zacar/Desktop/Master IEBS DS & Big Data/TFM_IEBS/outputs/daily_plots/2024-10-12_quality_weather.png
2024-10-13,1440,False,True,,c:/Users/zacar/Desktop/Master IEBS DS & Big Data/TFM_IEBS/outputs/daily_plots/2024-10-13_solar_curves.png,c:/Users/zacar/Desktop/Master IEBS DS & Big Data/TFM_IEBS/outputs/daily_plots/2024-10-13_quality_weather.png
2024-10-14,1440,False,True,,c:/Users/zacar/Desktop/Master IEBS DS & Big Data/TFM_IEBS/outputs/daily_plots/2024-10-14_solar_curves.png,c:/Users/zacar/Desktop/Master IEBS DS & Big Data/TFM_IEBS/outputs/daily_plots/2024-10-14_quality_weather.png
2024-10-15,1440,False,True,,c:/Users/zacar/Desktop/Master IEBS DS & Big Data/TFM_IEBS/outputs/daily_plots/2024-10-15_solar_curves.png,c:/Users/zacar/Desktop/Master IEBS DS & Big Data/TFM_IEBS/outputs/daily_plots/2024-10-15_quality_weather.png
2024-10-16,1440,False,True,,c:/Users/zacar/Desktop/Master IEBS DS & Big Data/TFM_IEBS/outputs/daily_plots/2024-10-16_solar_curves.png,c:/Users/zacar/Desktop/Master IEBS DS & Big Data/TFM_IEBS/outputs/daily_plots/2024-10-16_quality_weather.png
2024-10-17,1440,False,True,,c:/Users/zacar/Desktop/Master IEBS DS & Big Data/TFM_IEBS/outputs/daily_plots/2024-10-17_solar_curves.png,c:/Users/zacar/Desktop/Master IEBS DS & Big Data/TFM_IEBS/outputs/daily_plots/2024-10-17_quality_weather.png
2024-10-18,1440,False,True,,c:/Users/zacar/Desktop/Master IEBS DS & Big Data/TFM_IEBS/outputs/daily_plots/2024-10-18_solar_curves.png,c:/Users/zacar/Desktop/Master IEBS DS & Big Data/TFM_IEBS/outputs/daily_plots/2024-10-18_quality_weather.png
2024-10-19,1440,False,True,,c:/Users/zacar/Desktop/Master IEBS DS & Big Data/TFM_IEBS/outputs/daily_plots/2024-10-19_solar_curves.png,c:/Users/zacar/Desktop/Master IEBS DS & Big Data/TFM_IEBS/outputs/daily_plots/2024-10-19_quality_weather.png
2024-10-20,1440,False,True,,c:/Users/zacar/Desktop/Master IEBS DS & Big Data/TFM_IEBS/outputs/daily_plots/2024-10-20_solar_curves.png,c:/Users/zacar/Desktop/Master IEBS DS & Big Data/TFM_IEBS/outputs/daily_plots/2024-10-20_quality_weather.png
2024-10-21,1440,False,True,,c:/Users/zacar/Desktop/Master IEBS DS & Big Data/TFM_IEBS/outputs/daily_plots/2024-10-21_solar_curves.png,c:/Users/zacar/Desktop/Master IEBS DS & Big Data/TFM_IEBS/outputs/daily_plots/2024-10-21_quality_weather.png
2024-10-22,1440,False,True,,c:/Users/zacar/Desktop/Master IEBS DS & Big Data/TFM_IEBS/outputs/daily_plots/2024-10-22_solar_curves.png,c:/Users/zacar/Desktop/Master IEBS DS & Big Data/TFM_IEBS/outputs/daily_plots/2024-10-22_quality_weather.png
2024-10-23,1440,False,True,,c:/Users/zacar/Desktop/Master IEBS DS & Big Data/TFM_IEBS/outputs/daily_plots/2024-10-23_solar_curves.png,c:/Users/zacar/Desktop/Master IEBS DS & Big Data/TFM_IEBS/outputs/daily_plots/2024-10-23_quality_weather.png
2024-10-24,1440,False,True,,c:/Users/zacar/Desktop/Master IEBS DS & Big Data/TFM_IEBS/outputs/daily_plots/2024-10-24_solar_curves.png,c:/Users/zacar/Desktop/Master IEBS DS & Big Data/TFM_IEBS/outputs/daily_plots/2024-10-24_quality_weather.png
2024-10-25,1440,False,True,,c:/Users/zacar/Desktop/Master IEBS DS & Big Data/TFM_IEBS/outputs/daily_plots/2024-10-25_solar_curves.png,c:/Users/zacar/Desktop/Master IEBS DS & Big Data/TFM_IEBS/outputs/daily_plots/2024-10-25_quality_weather.png
2024-10-26,1440,False,True,,c:/Users/zacar/Desktop/Master IEBS DS & Big Data/TFM_IEBS/outputs/daily_plots/2024-10-26_solar_curves.png,c:/Users/zacar/Desktop/Master IEBS DS & Big Data/TFM_IEBS/outputs/daily_plots/2024-10-26_quality_weather.png
2024-10-27,1440,False,True,,c:/Users/zacar/Desktop/Master IEBS DS & Big Data/TFM_IEBS/outputs/daily_plots/2024-10-27_solar_curves.png,c:/Users/zacar/Desktop/Master IEBS DS & Big Data/TFM_IEBS/outputs/daily_plots/2024-10-27_quality_weather.png
2024-10-28,1440,False,True,,c:/Users/zacar/Desktop/Master IEBS DS & Big Data/TFM_IEBS/outputs/daily_plots/2024-10-28_solar_curves.png,c:/Users/zacar/Desktop/Master IEBS DS & Big Data/TFM_IEBS/outputs/daily_plots/2024-10-28_quality_weather.png
2024-10-29,1440,False,True,,c:/Users/zacar/Desktop/Master IEBS DS & Big Data/TFM_IEBS/outputs/daily_plots/2024-10-29_solar_curves.png,c:/Users/zacar/Desktop/Master IEBS DS & Big Data/TFM_IEBS/outputs/daily_plots/2024-10-29_quality_weather.png
2024-10-30,1440,False,True,,c:/Users/zacar/Desktop/Master IEBS DS & Big Data/TFM_IEBS/outputs/daily_plots/2024-10-30_solar_curves.png,c:/Users/zacar/Desktop/Master IEBS DS & Big Data/TFM_IEBS/outputs/daily_plots/2024-10-30_quality_weather.png
2024-10-31,1440,False,True,,c:/Users/zacar/Desktop/Master IEBS DS & Big Data/TFM_IEBS/outputs/daily_plots/2024-10-31_solar_curves.png,c:/Users/zacar/Desktop/Master IEBS DS & Big Data/TFM_IEBS/outputs/daily_plots/2024-10-31_quality_weather.png
2024-11-01,1440,False,True,,c:/Users/zacar/Desktop/Master IEBS DS & Big Data/TFM_IEBS/outputs/daily_plots/2024-11-01_solar_curves.png,c:/Users/zacar/Desktop/Master IEBS DS & Big Data/TFM_IEBS/outputs/daily_plots/2024-11-01_quality_weather.png
2024-11-02,1440,False,True,,c:/Users/zacar/Desktop/Master IEBS DS & Big Data/TFM_IEBS/outputs/daily_plots/2024-11-02_solar_curves.png,c:/Users/zacar/Desktop/Master IEBS DS & Big Data/TFM_IEBS/outputs/daily_plots/2024-11-02_quality_weather.png
2024-11-03,1440,False,True,,c:/Users/zacar/Desktop/Master IEBS DS & Big Data/TFM_IEBS/outputs/daily_plots/2024-11-03_solar_curves.png,c:/Users/zacar/Desktop/Master IEBS DS & Big Data/TFM_IEBS/outputs/daily_plots/2024-11-03_quality_weather.png
2024-11-04,1440,False,True,,c:/Users/zacar/Desktop/Master IEBS DS & Big Data/TFM_IEBS/outputs/daily_plots/2024-11-04_solar_curves.png,c:/Users/zacar/Desktop/Master IEBS DS & Big Data/TFM_IEBS/outputs/daily_plots/2024-11-04_quality_weather.png
2024-11-05,1440,False,True,,c:/Users/zacar/Desktop/Master IEBS DS & Big Data/TFM_IEBS/outputs/daily_plots/2024-11-05_solar_curves.png,c:/Users/zacar/Desktop/Master IEBS DS & Big Data/TFM_IEBS/outputs/daily_plots/2024-11-05_quality_weather.png
2024-11-06,1440,False,True,,c:/Users/zacar/Desktop/Master IEBS DS & Big Data/TFM_IEBS/outputs/daily_plots/2024-11-06_solar_curves.png,c:/Users/zacar/Desktop/Master IEBS DS & Big Data/TFM_IEBS/outputs/daily_plots/2024-11-06_quality_weather.png
2024-11-07,1440,False,True,,c:/Users/zacar/Desktop/Master IEBS DS & Big Data/TFM_IEBS/outputs/daily_plots/2024-11-07_solar_curves.png,c:/Users/zacar/Desktop/Master IEBS DS & Big Data/TFM_IEBS/outputs/daily_plots/2024-11-07_quality_weather.png
2024-11-08,1440,False,True,,c:/Users/zacar/Desktop/Master IEBS DS & Big Data/TFM_IEBS/outputs/daily_plots/2024-11-08_solar_curves.png,c:/Users/zacar/Desktop/Master IEBS DS & Big Data/TFM_IEBS/outputs/daily_plots/2024-11-08_quality_weather.png
2024-11-09,1440,False,True,,c:/Users/zacar/Desktop/Master IEBS DS & Big Data/TFM_IEBS/outputs/daily_plots/2024-11-09_solar_curves.png,c:/Users/zacar/Desktop/Master IEBS DS & Big Data/TFM_IEBS/outputs/daily_plots/2024-11-09_quality_weather.png
2024-11-10,1440,False,True,,c:/Users/zacar/Desktop/Master IEBS DS & Big Data/TFM_IEBS/outputs/daily_plots/2024-11-10_solar_curves.png,c:/Users/zacar/Desktop/Master IEBS DS & Big Data/TFM_IEBS/outputs/daily_plots/2024-11-10_quality_weather.png
2024-11-11,1440,False,True,,c:/Users/zacar/Desktop/Master IEBS DS & Big Data/TFM_IEBS/outputs/daily_plots/2024-11-11_solar_curves.png,c:/Users/zacar/Desktop/Master IEBS DS & Big Data/TFM_IEBS/outputs/daily_plots/2024-11-11_quality_weather.png
2024-11-12,1440,False,True,,c:/Users/zacar/Desktop/Master IEBS DS & Big Data/TFM_IEBS/outputs/daily_plots/2024-11-12_solar_curves.png,c:/Users/zacar/Desktop/Master IEBS DS & Big Data/TFM_IEBS/outputs/daily_plots/2024-11-12_quality_weather.png
2024-11-13,1440,False,True,,c:/Users/zacar/Desktop/Master IEBS DS & Big Data/TFM_IEBS/outputs/daily_plots/2024-11-13_solar_curves.png,c:/Users/zacar/Desktop/Master IEBS DS & Big Data/TFM_IEBS/outputs/daily_plots/2024-11-13_quality_weather.png
2024-11-14,1440,False,True,,c:/Users/zacar/Desktop/Master IEBS DS & Big Data/TFM_IEBS/outputs/daily_plots/2024-11-14_solar_curves.png,c:/Users/zacar/Desktop/Master IEBS DS & Big Data/TFM_IEBS/outputs/daily_plots/2024-11-14_quality_weather.png
2024-11-15,1440,True,False,6a699430b791d0daa5e1dea6,c:/Users/zacar/Desktop/Master IEBS DS & Big Data/TFM_IEBS/outputs/daily_plots/2024-11-15_solar_curves.png,c:/Users/zacar/Desktop/Master IEBS DS & Big Data/TFM_IEBS/outputs/daily_plots/2024-11-15_quality_weather.png
2024-11-16,1440,True,False,6a699433b791d0daa5e1dea7,c:/Users/zacar/Desktop/Master IEBS DS & Big Data/TFM_IEBS/outputs/daily_plots/2024-11-16_solar_curves.png,c:/Users/zacar/Desktop/Master IEBS DS & Big Data/TFM_IEBS/outputs/daily_plots/2024-11-16_quality_weather.png
2024-11-17,1440,True,False,6a699436b791d0daa5e1dea8,c:/Users/zacar/Desktop/Master IEBS DS & Big Data/TFM_IEBS/outputs/daily_plots/2024-11-17_solar_curves.png,c:/Users/zacar/Desktop/Master IEBS DS & Big Data/TFM_IEBS/outputs/daily_plots/2024-11-17_quality_weather.png
2024-11-18,1440,False,True,,c:/Users/zacar/Desktop/Master IEBS DS & Big Data/TFM_IEBS/outputs/daily_plots/2024-11-18_solar_curves.png,c:/Users/zacar/Desktop/Master IEBS DS & Big Data/TFM_IEBS/outputs/daily_plots/2024-11-18_quality_weather.png
2024-11-19,1440,False,True,,c:/Users/zacar/Desktop/Master IEBS DS & Big Data/TFM_IEBS/outputs/daily_plots/2024-11-19_solar_curves.png,c:/Users/zacar/Desktop/Master IEBS DS & Big Data/TFM_IEBS/outputs/daily_plots/2024-11-19_quality_weather.png
2024-11-20,1440,False,True,,c:/Users/zacar/Desktop/Master IEBS DS & Big Data/TFM_IEBS/outputs/daily_plots/2024-11-20_solar_curves.png,c:/Users/zacar/Desktop/Master IEBS DS & Big Data/TFM_IEBS/outputs/daily_plots/2024-11-20_quality_weather.png
2024-11-21,1440,False,True,,c:/Users/zacar/Desktop/Master IEBS DS & Big Data/TFM_IEBS/outputs/daily_plots/2024-11-21_solar_curves.png,c:/Users/zacar/Desktop/Master IEBS DS & Big Data/TFM_IEBS/outputs/daily_plots/2024-11-21_quality_weather.png
2024-11-22,1440,False,True,,c:/Users/zacar/Desktop/Master IEBS DS & Big Data/TFM_IEBS/outputs/daily_plots/2024-11-22_solar_curves.png,c:/Users/zacar/Desktop/Master IEBS DS & Big Data/TFM_IEBS/outputs/daily_plots/2024-11-22_quality_weather.png
2024-11-23,1440,False,True,,c:/Users/zacar/Desktop/Master IEBS DS & Big Data/TFM_IEBS/outputs/daily_plots/2024-11-23_solar_curves.png,c:/Users/zacar/Desktop/Master IEBS DS & Big Data/TFM_IEBS/outputs/daily_plots/2024-11-23_quality_weather.png
2024-11-24,1440,False,True,,c:/Users/zacar/Desktop/Master IEBS DS & Big Data/TFM_IEBS/outputs/daily_plots/2024-11-24_solar_curves.png,c:/Users/zacar/Desktop/Master IEBS DS & Big Data/TFM_IEBS/outputs/daily_plots/2024-11-24_quality_weather.png
2024-11-25,1440,False,True,,c:/Users/zacar/Desktop/Master IEBS DS & Big Data/TFM_IEBS/outputs/daily_plots/2024-11-25_solar_curves.png,c:/Users/zacar/Desktop/Master IEBS DS & Big Data/TFM_IEBS/outputs/daily_plots/2024-11-25_quality_weather.png
2024-11-26,1440,False,True,,c:/Users/zacar/Desktop/Master IEBS DS & Big Data/TFM_IEBS/outputs/daily_plots/2024-11-26_solar_curves.png,c:/Users/zacar/Desktop/Master IEBS DS & Big Data/TFM_IEBS/outputs/daily_plots/2024-11-26_quality_weather.png
2024-11-27,1440,False,True,,c:/Users/zacar/Desktop/Master IEBS DS & Big Data/TFM_IEBS/outputs/daily_plots/2024-11-27_solar_curves.png,c:/Users/zacar/Desktop/Master IEBS DS & Big Data/TFM_IEBS/outputs/daily_plots/2024-11-27_quality_weather.png
2024-11-28,1440,False,True,,c:/Users/zacar/Desktop/Master IEBS DS & Big Data/TFM_IEBS/outputs/daily_plots/2024-11-28_solar_curves.png,c:/Users/zacar/Desktop/Master IEBS DS & Big Data/TFM_IEBS/outputs/daily_plots/2024-11-28_quality_weather.png
2024-11-29,1440,False,True,,c:/Users/zacar/Desktop/Master IEBS DS & Big Data/TFM_IEBS/outputs/daily_plots/2024-11-29_solar_curves.png,c:/Users/zacar/Desktop/Master IEBS DS & Big Data/TFM_IEBS/outputs/daily_plots/2024-11-29_quality_weather.png
2024-11-30,1440,False,True,,c:/Users/zacar/Desktop/Master IEBS DS & Big Data/TFM_IEBS/outputs/daily_plots/2024-11-30_solar_curves.png,c:/Users/zacar/Desktop/Master IEBS DS & Big Data/TFM_IEBS/outputs/daily_plots/2024-11-30_quality_weather.png
2024-12-01,1440,False,True,,c:/Users/zacar/Desktop/Master IEBS DS & Big Data/TFM_IEBS/outputs/daily_plots/2024-12-01_solar_curves.png,c:/Users/zacar/Desktop/Master IEBS DS & Big Data/TFM_IEBS/outputs/daily_plots/2024-12-01_quality_weather.png
2024-12-02,1440,False,True,,c:/Users/zacar/Desktop/Master IEBS DS & Big Data/TFM_IEBS/outputs/daily_plots/2024-12-02_solar_curves.png,c:/Users/zacar/Desktop/Master IEBS DS & Big Data/TFM_IEBS/outputs/daily_plots/2024-12-02_quality_weather.png
2024-12-03,1440,False,True,,c:/Users/zacar/Desktop/Master IEBS DS & Big Data/TFM_IEBS/outputs/daily_plots/2024-12-03_solar_curves.png,c:/Users/zacar/Desktop/Master IEBS DS & Big Data/TFM_IEBS/outputs/daily_plots/2024-12-03_quality_weather.png
2024-12-04,1440,False,True,,c:/Users/zacar/Desktop/Master IEBS DS & Big Data/TFM_IEBS/outputs/daily_plots/2024-12-04_solar_curves.png,c:/Users/zacar/Desktop/Master IEBS DS & Big Data/TFM_IEBS/outputs/daily_plots/2024-12-04_quality_weather.png
2024-12-05,1440,False,True,,c:/Users/zacar/Desktop/Master IEBS DS & Big Data/TFM_IEBS/outputs/daily_plots/2024-12-05_solar_curves.png,c:/Users/zacar/Desktop/Master IEBS DS & Big Data/TFM_IEBS/outputs/daily_plots/2024-12-05_quality_weather.png
2024-12-06,1440,False,True,,c:/Users/zacar/Desktop/Master IEBS DS & Big Data/TFM_IEBS/outputs/daily_plots/2024-12-06_solar_curves.png,c:/Users/zacar/Desktop/Master IEBS DS & Big Data/TFM_IEBS/outputs/daily_plots/2024-12-06_quality_weather.png
2024-12-07,1440,False,True,,c:/Users/zacar/Desktop/Master IEBS DS & Big Data/TFM_IEBS/outputs/daily_plots/2024-12-07_solar_curves.png,c:/Users/zacar/Desktop/Master IEBS DS & Big Data/TFM_IEBS/outputs/daily_plots/2024-12-07_quality_weather.png
2024-12-08,1440,False,True,,c:/Users/zacar/Desktop/Master IEBS DS & Big Data/TFM_IEBS/outputs/daily_plots/2024-12-08_solar_curves.png,c:/Users/zacar/Desktop/Master IEBS DS & Big Data/TFM_IEBS/outputs/daily_plots/2024-12-08_quality_weather.png
2024-12-09,1440,False,True,,c:/Users/zacar/Desktop/Master IEBS DS & Big Data/TFM_IEBS/outputs/daily_plots/2024-12-09_solar_curves.png,c:/Users/zacar/Desktop/Master IEBS DS & Big Data/TFM_IEBS/outputs/daily_plots/2024-12-09_quality_weather.png
2024-12-10,1440,False,True,,c:/Users/zacar/Desktop/Master IEBS DS & Big Data/TFM_IEBS/outputs/daily_plots/2024-12-10_solar_curves.png,c:/Users/zacar/Desktop/Master IEBS DS & Big Data/TFM_IEBS/outputs/daily_plots/2024-12-10_quality_weather.png
2024-12-11,1440,False,True,,c:/Users/zacar/Desktop/Master IEBS DS & Big Data/TFM_IEBS/outputs/daily_plots/2024-12-11_solar_curves.png,c:/Users/zacar/Desktop/Master IEBS DS & Big Data/TFM_IEBS/outputs/daily_plots/2024-12-11_quality_weather.png
2024-12-12,1440,True,False,6a699490b791d0daa5e1deaa,c:/Users/zacar/Desktop/Master IEBS DS & Big Data/TFM_IEBS/outputs/daily_plots/2024-12-12_solar_curves.png,c:/Users/zacar/Desktop/Master IEBS DS & Big Data/TFM_IEBS/outputs/daily_plots/2024-12-12_quality_weather.png
2024-12-13,1440,True,False,6a699493b791d0daa5e1deab,c:/Users/zacar/Desktop/Master IEBS DS & Big Data/TFM_IEBS/outputs/daily_plots/2024-12-13_solar_curves.png,c:/Users/zacar/Desktop/Master IEBS DS & Big Data/TFM_IEBS/outputs/daily_plots/2024-12-13_quality_weather.png
2024-12-14,1440,True,False,6a699497b791d0daa5e1deac,c:/Users/zacar/Desktop/Master IEBS DS & Big Data/TFM_IEBS/outputs/daily_plots/2024-12-14_solar_curves.png,c:/Users/zacar/Desktop/Master IEBS DS & Big Data/TFM_IEBS/outputs/daily_plots/2024-12-14_quality_weather.png
2024-12-15,1440,True,False,6a69949ab791d0daa5e1dead,c:/Users/zacar/Desktop/Master IEBS DS & Big Data/TFM_IEBS/outputs/daily_plots/2024-12-15_solar_curves.png,c:/Users/zacar/Desktop/Master IEBS DS & Big Data/TFM_IEBS/outputs/daily_plots/2024-12-15_quality_weather.png
2024-12-16,1440,False,True,,c:/Users/zacar/Desktop/Master IEBS DS & Big Data/TFM_IEBS/outputs/daily_plots/2024-12-16_solar_curves.png,c:/Users/zacar/Desktop/Master IEBS DS & Big Data/TFM_IEBS/outputs/daily_plots/2024-12-16_quality_weather.png
2024-12-17,1440,False,True,,c:/Users/zacar/Desktop/Master IEBS DS & Big Data/TFM_IEBS/outputs/daily_plots/2024-12-17_solar_curves.png,c:/Users/zacar/Desktop/Master IEBS DS & Big Data/TFM_IEBS/outputs/daily_plots/2024-12-17_quality_weather.png
2024-12-18,1440,False,True,,c:/Users/zacar/Desktop/Master IEBS DS & Big Data/TFM_IEBS/outputs/daily_plots/2024-12-18_solar_curves.png,c:/Users/zacar/Desktop/Master IEBS DS & Big Data/TFM_IEBS/outputs/daily_plots/2024-12-18_quality_weather.png
2024-12-19,1440,False,True,,c:/Users/zacar/Desktop/Master IEBS DS & Big Data/TFM_IEBS/outputs/daily_plots/2024-12-19_solar_curves.png,c:/Users/zacar/Desktop/Master IEBS DS & Big Data/TFM_IEBS/outputs/daily_plots/2024-12-19_quality_weather.png
2024-12-20,1440,False,True,,c:/Users/zacar/Desktop/Master IEBS DS & Big Data/TFM_IEBS/outputs/daily_plots/2024-12-20_solar_curves.png,c:/Users/zacar/Desktop/Master IEBS DS & Big Data/TFM_IEBS/outputs/daily_plots/2024-12-20_quality_weather.png
2024-12-21,1440,False,True,,c:/Users/zacar/Desktop/Master IEBS DS & Big Data/TFM_IEBS/outputs/daily_plots/2024-12-21_solar_curves.png,c:/Users/zacar/Desktop/Master IEBS DS & Big Data/TFM_IEBS/outputs/daily_plots/2024-12-21_quality_weather.png
2024-12-22,1440,False,True,,c:/Users/zacar/Desktop/Master IEBS DS & Big Data/TFM_IEBS/outputs/daily_plots/2024-12-22_solar_curves.png,c:/Users/zacar/Desktop/Master IEBS DS & Big Data/TFM_IEBS/outputs/daily_plots/2024-12-22_quality_weather.png
2024-12-23,1440,False,True,,c:/Users/zacar/Desktop/Master IEBS DS & Big Data/TFM_IEBS/outputs/daily_plots/2024-12-23_solar_curves.png,c:/Users/zacar/Desktop/Master IEBS DS & Big Data/TFM_IEBS/outputs/daily_plots/2024-12-23_quality_weather.png
2024-12-24,1440,False,True,,c:/Users/zacar/Desktop/Master IEBS DS & Big Data/TFM_IEBS/outputs/daily_plots/2024-12-24_solar_curves.png,c:/Users/zacar/Desktop/Master IEBS DS & Big Data/TFM_IEBS/outputs/daily_plots/2024-12-24_quality_weather.png
2024-12-25,1440,False,True,,c:/Users/zacar/Desktop/Master IEBS DS & Big Data/TFM_IEBS/outputs/daily_plots/2024-12-25_solar_curves.png,c:/Users/zacar/Desktop/Master IEBS DS & Big Data/TFM_IEBS/outputs/daily_plots/2024-12-25_quality_weather.png
2024-12-26,1440,False,True,,c:/Users/zacar/Desktop/Master IEBS DS & Big Data/TFM_IEBS/outputs/daily_plots/2024-12-26_solar_curves.png,c:/Users/zacar/Desktop/Master IEBS DS & Big Data/TFM_IEBS/outputs/daily_plots/2024-12-26_quality_weather.png
2024-12-27,1440,False,True,,c:/Users/zacar/Desktop/Master IEBS DS & Big Data/TFM_IEBS/outputs/daily_plots/2024-12-27_solar_curves.png,c:/Users/zacar/Desktop/Master IEBS DS & Big Data/TFM_IEBS/outputs/daily_plots/2024-12-27_quality_weather.png
2024-12-28,1440,False,True,,c:/Users/zacar/Desktop/Master IEBS DS & Big Data/TFM_IEBS/outputs/daily_plots/2024-12-28_solar_curves.png,c:/Users/zacar/Desktop/Master IEBS DS & Big Data/TFM_IEBS/outputs/daily_plots/2024-12-28_quality_weather.png
2024-12-29,1440,False,True,,c:/Users/zacar/Desktop/Master IEBS DS & Big Data/TFM_IEBS/outputs/daily_plots/2024-12-29_solar_curves.png,c:/Users/zacar/Desktop/Master IEBS DS & Big Data/TFM_IEBS/outputs/daily_plots/2024-12-29_quality_weather.png
2024-12-30,1440,False,True,,c:/Users/zacar/Desktop/Master IEBS DS & Big Data/TFM_IEBS/outputs/daily_plots/2024-12-30_solar_curves.png,c:/Users/zacar/Desktop/Master IEBS DS & Big Data/TFM_IEBS/outputs/daily_plots/2024-12-30_quality_weather.png
2024-12-31,1440,False,True,,c:/Users/zacar/Desktop/Master IEBS DS & Big Data/TFM_IEBS/outputs/daily_plots/2024-12-31_solar_curves.png,c:/Users/zacar/Desktop/Master IEBS DS & Big Data/TFM_IEBS/outputs/daily_plots/2024-12-31_quality_weather.png
